bathybaseid	lat	name	lon	depth_mean	depth_max
3	44.06588837	Irogami Lake	-89.2325568	0.7	1.5
4	43.74302266	Jordan Lake	-89.64659624	8.1	25.9
5	43.98493697	Pleasant Lake	-89.55240596	4.3	7.3
6	43.95243794	School Section Lake	-89.54790091	2	3.7
7	43.92919222	Tuttle Lake	-89.29167021	2	9.1
8	43.01015615	Cox Hollow Lake	-90.11056371	3.8	8.5
9	43.60972064	Lake Redstone	-90.09011961	4.1	10.7
10	45.37393316	Summit Lake	-89.20711522	3	7.6
11	43.80960296	Green Lake	-88.9976866	31.2	67.1
12	45.21274221	Pesobic Lake	-89.68100655	1.8	3.4
13	43.81325436	East Spring Lake	-89.30243597	6.9	14.9
15	45.75348585	Tamarack Lake	-89.34143409	3.4	6.1
16	45.81398901	Indian Lake	-89.3025679	3.1	7.9
17	43.90757699	Neshonoc Lake	-91.05787514	1.2	3
19	44.08815986	Marinuka Lake	-91.35147267	0.8	1.5
20	44.42839411	Sherwood Lake	-90.37806389	1	2.7
21	43.65825761	Mason Lake	-89.60705443	2.1	2.7
23	44.47037414	Lake Emily	-89.33774909	5.4	10.7
24	44.42034527	Lake Lime	-89.34513976	4.4	8.8
25	44.21627908	Long Lake	-89.12141196	8	21.3
26	44.4735707	Thomas Lake	-89.39018247	4.5	7.6
27	44.81541436	Altoona Lake	-91.42305212	2.8	6.1
28	45.22288521	Jerry Lake	-90.58978927	3.8	9.1
29	45.29040731	Lost Lake	-90.56098384	4	7.6
30	45.36223849	South Harper Lake	-90.19343872	3.4	9.1
31	45.74036262	Crane and Chase Lake	-90.50579986	4	6.1
32	45.82965417	Stone Lake	-89.97194426	1.9	4.3
33	45.93958667	Bass Lake	-90.60928013	4.8	13.7
34	46.03964775	Boot Lake	-90.13846424	2.3	4.6
35	46.02853306	Randall Lake	-90.02375303	2.2	3.7
36	46.03346898	Ike Walton Lake	-89.80724004	2.7	18.6
37	45.39807019	Amacoy Lake	-91.31410363	3.7	6.1
38	44.67415709	White Lake	-88.45022401	1.1	3
39	46.1792916	Augustine Lake	-90.46066464	1.8	3
41	45.90959999	Devils Lake	-92.33814698	4.1	7.3
43	43.44646936	Lake Lenwood	-88.16296967	5.6	11.6
45	46.38965291	Upson Lake	-90.43951264	1.9	5.2
46	46.27608377	Meder Lake	-90.64576928	1.9	3
47	46.28421451	Lake Galilee	-90.59379168	3.3	6.1
48	46.26026479	Pine Lake	-90.14041858	5	12.2
49	46.26352218	Harris Lake	-89.83375983	7.5	17.4
50	43.60232787	Mauthie Lake	-88.18171919	3.7	7
51	45.67772407	Pine Lake	-88.98061925	3	4.6
53	43.65311762	Kettle Moraine Lake	-88.20981192	1.8	9.1
54	43.8064812	Crystal Lake	-88.01780336	5.8	18.3
55	45.17062243	Shay Lake	-88.29600826	3.9	10.7
56	45.04818622	Montana Lake	-88.1161146	4.2	7.6
57	45.13168975	Bass Lake	-88.05074893	8.8	18.3
59	45.2550852	Lake Noquebay	-87.90573278	3	15.2
60	45.30449121	Lake Mary	-87.8165337	2.5	10.1
61	45.94948883	Quartz Lake	-88.95762063	2.7	4.6
62	43.82558559	Elkhart Lake	-88.02695952	13.7	36.3
63	43.8642847	Wolf Lake	-88.20814026	5.4	14.3
64	45.62065687	Young Lake	-88.07275715	2.4	6.1
65	44.04559077	English Lake	-87.78543869	11.5	27.4
66	44.10347971	Bullhead Lake	-88.03694368	3.8	12.2
67	45.94702824	Howell Lake	-88.93407514	3.6	4.6
68	45.98444914	Kentuck Lake	-88.9997588	4	12.2
69	42.80100291	Booth Lake	-88.42948802	3.5	6.1
71	42.70310645	Eagle Lake	-88.12608752	1.7	3
72	42.83353211	Lulu Lake	-88.44993325	6.4	12.2
73	43.07268232	Pewaukee Lake	-88.30762177	4.1	13.7
74	43.11973595	Pine Lake	-88.38453261	11.6	25.9
75	43.07666601	Silver Lake	-88.49311184	4.8	12.2
76	42.60430403	Delevan Lake	-88.61436368	7.4	15.2
77	42.96626029	Lake Kegonsa	-89.25170822	5.1	9.1
78	43.01195704	Lake Waubesa	-89.32611383	4.8	10.7
79	43.06858949	Lake Monona	-89.36251348	8.2	21.3
80	43.00020107	Lake Ripley	-88.98923042	5.5	13.4
81	43.02530294	Hope Lake	-88.9840666	1.5	7.3
83	44.42600087	Lilly Lake	-87.85240726	2.5	5.8
84	43.04545972	Mud Lake	-88.92200061	2.4	6.1
86	43.44367529	Lost Lake	-88.96896808	1.3	2.4
87	44.29584454	Harpt Lake	-87.734175	6	16.5
88	43.09952165	Oconomowoc Lake	-88.4531208	9	18.3
89	43.16673145	Lake Keesus	-88.31573882	4.9	12.8
90	43.15802977	Ashippun Lake	-88.47274247	5.2	10.7
94	42.87609384	Ludden Lake	-90.19880996	1.8	4.3
96	45.94400864	Anvil Lake	-89.06384972	5.7	9.1
97	45.6346241	Burrows Lake	-89.85789798	3.4	7.6
98	45.86991427	Clear Lake	-89.62755829	9.4	29
99	43.41779694	Devil's Lake	-89.73242065	9.2	14.3
100	43.11345366	Lake Mendota	-89.4245356	12.5	25.3
183	46.18604049	Pine	-93.07766198	5	8.2
184	46.8297854	Shumway	-93.14641323	3.9	7
185	46.58230307	Sheriff	-93.19204459	6.5	24.4
186	46.70650425	Minnewawa	-93.25783194	2.3	6.1
187	46.92868979	Blackface	-93.24686321	1.1	5.4
188	46.9326107	Ball Bluff	-93.28037586	8.1	23.1
189	46.85876103	Boot	-93.25390293	5.9	20.4
190	46.86229036	Cutaway	-93.20745301	3.3	7.3
192	46.97544252	Vanduse	-93.24289806	2.6	8.2
193	46.75578843	Big Sandy	-93.28470919	4.9	24.4
194	46.22041934	Cedar	-93.40385495	2.4	5.5
195	46.41563101	Sugar	-93.47392004	3.7	13.6
196	46.48704847	Long	-93.48979198	10.3	35.7
197	46.51039579	Dam	-93.46442363	5.5	14.5
198	46.64513906	Gun	-93.52495652	3.8	13.4
199	46.63018784	Fleming	-93.4990411	2.5	4.6
201	46.73457608	Waukenabo	-93.62063351	4.7	11.2
203	46.9825777	Hill (South Basin)	-93.59420945	2.8	7.3
204	46.46355678	Ripple	-93.66991701	4.1	11.9
205	46.73780066	Esquagamah	-93.69351791	3.5	9.4
206	46.35537064	Big Pine	-93.7731236	6.4	23.8
207	46.42287982	Farm Island	-93.77346638	5.3	15.6
208	46.52393522	Bass	-93.75387827	3.6	11.5
209	47.02307464	Holy Water	-93.75021131	5.9	17
210	46.33376939	Round	-93.80377447	13.1	37.1
211	46.49956644	Cedar(Main Basin)	-93.79191467	8.9	30.5
212	46.5168318	Cedar(N.E. Arm)	-93.77393336	3.5	6.7
213	46.48724088	Cedar(West Bay)	-93.82430462	5.9	15.2
214	45.12396106	Otter	-93.04006106	1.6	6.4
216	45.16330825	Centerville	-93.06995662	3.3	5.8
217	45.35178894	Linwood	-93.10999779	2.8	12.7
219	45.30719237	Coon	-93.16514067	2	8.2
220	45.13848571	Golden	-93.15354219	2.2	7.3
221	45.25586566	Ham	-93.2218984	1.8	6.7
222	45.4035013	Fish	-93.16664209	0.3	3
223	45.35624864	George	-93.33666192	2.6	9.7
224	45.33477777	East Twin	-93.50277258	4	19.8
226	46.94304414	Straight	-95.26750616	7	19.2
229	47.11582715	Bass	-95.36850557	3.4	7.6
230	46.82165889	Wolf	-95.3873714	1.9	4.2
231	46.94496477	Shell	-95.44841715	2.2	4.9
232	46.8655075	Toad	-95.4916744	5.5	8.8
233	47.13063112	Juggler	-95.45923431	5.8	21.3
234	46.93032446	Island	-95.53289015	5.7	11.6
235	47.03753735	Round	-95.54134255	6.7	20.8
237	47.07747784	Many Point	-95.5386207	8.5	28
239	46.79053704	Hungry	-95.63141478	2.8	14.5
241	46.83709241	Little Toad	-95.56480054	6.9	19.8
242	46.89215004	Height of Land	-95.60674021	2.3	6.4
243	47.02745238	Waboose	-95.58346425	2.6	4.6
244	47.09388057	Little Bemidji	-95.56951535	7.9	15.2
245	46.92198814	Tamarack	-95.67058439	1.7	4.9
248	46.8824491	Cotton	-95.69776007	5	8.5
252	47.00314226	Little Sugar Bush	-95.77496959	3.9	8.8
253	47.07082079	Strawberry	-95.69963523	6.5	11.3
254	47.12835298	White Earth	-95.75381822	7.9	34.2
255	46.9700658	Buffalo	-95.79217005	4.4	10.7
256	46.71736221	Sauer	-95.88213783	5.1	11.9
257	46.79195784	Munson	-95.8961847	4.1	7.9
258	46.78077417	Fox	-95.90827194	2.6	7.3
259	46.77180495	Sallie	-95.89632753	4.9	15.1
260	46.78230126	Muskrat	-95.87727438	1.5	5.5
261	46.75328241	Meadow	-95.87144697	7.4	21.9
262	46.72532873	Mill	-95.90164603	1.2	3
263	46.78843419	Detroit	-95.83437393	4.6	25
265	46.87478208	Little Floyd	-95.83334963	4.1	9.4
266	46.87184926	Floyd	-95.85617485	3.2	9.1
267	46.71957206	Buck	-95.91939484	1.8	4.6
268	46.74335558	Melissa	-95.8993963	5.2	13.1
269	46.77479485	Ellison	-96.02202309	1.9	7.3
270	46.77724598	Pearl	-95.9403096	3.3	16.4
271	46.7493298	Maud	-95.98314671	4.1	9.1
272	46.73889923	Eunice	-95.96884711	4.1	9.1
274	46.84001614	Marshall	-96.03512716	3.3	6.1
275	46.79791204	Leif	-96.04151869	2.9	7.9
276	46.76555753	Big Cormorant	-96.06064419	8.7	22.8
277	46.87012417	Boyer	-96.04881717	2.8	7.9
278	46.72891824	Ida	-96.09873379	2.8	5.8
281	46.82179549	Bijou	-96.14630635	3.1	8.2
282	46.8948027	East LaBelle	-96.07453077	3.2	5.8
283	46.78234751	Turtle	-96.17259432	8.2	22.2
284	46.86449966	Sand	-96.17407969	4.3	8.5
287	47.45644349	Andrusia	-94.65400107	7.2	16.8
288	47.41825258	Windigo	-94.5680781	2.6	6.1
289	47.50775028	Big	-94.6229031	4.2	10.7
290	47.73198739	Blackduck	-94.6170792	4.5	8.5
291	47.41856935	Wolf	-94.68937337	6.8	17.4
292	47.5766465	Turtle River	-94.71120398	5.7	19.2
293	47.67139375	Gull	-94.72175974	3.4	8.8
295	47.50338329	Bemidji (main lake)	-94.84796901	10.1	23.2
296	47.46028034	Irving	-94.88416444	2.3	4.9
297	47.61840011	Turtle	-94.86639655	3.9	13.7
298	47.66889358	Julia	-94.88952183	4.9	12.2
299	47.49296611	Grant	-95.00590489	8.3	28
300	47.78495016	Dellwater	-95.08290801	2.3	8.8
301	47.46974214	Moose	-95.17880081	2.1	4
302	47.73280231	Clearwater	-95.18674038	8.3	18.3
303	45.70422576	Mayhew	-94.09540547	4	6.1
304	45.72680101	Little Rock	-94.16842277	2.3	5.2
305	45.35602951	Artichoke	-96.1358655	2.4	4.2
306	45.32109624	Long Tom	-96.35791566	2.4	3.8
307	45.56144216	East Toqua	-96.44364893	1.9	2.4
310	44.23287486	George	-93.87062175	2.8	8.5
311	44.21083383	Ballantyne	-93.83397483	2.2	16.9
312	43.86680884	Lura	-94.02437333	1.5	2.7
313	44.09825649	Loon	-94.17753741	1.3	2.1
314	44.10854256	Crystal	-94.20389864	2.2	3
315	44.25942203	Clear	-94.52055115	1.5	2.3
316	44.30666219	Sleepy Eye	-94.73431696	2.8	6.4
317	46.67201729	Thomson Reservoir	-92.40374241	2.6	7.9
318	46.44703555	Graham	-92.45949776	2.4	6.1
319	46.53630399	Spring	-92.52397701	1.6	6.1
320	46.62363712	Chub	-92.4592829	4.2	8.5
321	46.59923122	Hay	-92.46360174	1.2	3
322	46.53591831	Sand	-92.55258967	0.8	6
323	46.63342242	Bob	-92.61426593	4	7.6
324	46.61812494	Park	-92.6532085	1.9	4.4
325	46.70012126	Big	-92.62995236	2.5	7.6
326	46.49797844	Bear	-92.67570931	3.2	9.4
327	46.48243413	Little Hanging Horn	-92.67795953	6.6	21.3
328	46.47783475	Hanging Horn	-92.69449115	9.8	25.6
329	46.47615531	Eddy	-92.71133225	2.9	11.1
330	46.44787294	Moosehead	-92.75743295	3.1	5.5
331	46.43036838	Echo	-92.73936745	6.2	14.3
332	46.64479439	Eagle	-92.91790061	5.1	10.6
333	46.68539794	Upper (North) Island	-92.87809919	2.7	7.5
334	46.66863448	Lower (South) Island	-92.87784254	2.6	6.7
335	46.72366926	Cross	-92.89219289	2.3	6.1
336	46.6568755	Cole	-93.04178832	3.3	7.3
337	44.83678243	Riley	-93.52265429	6.2	14.9
338	44.8770138	Lotus	-93.53052959	3	8.8
339	44.87812337	Minnewashta	-93.60520249	5.4	21.3
340	44.871383	Ann	-93.55997681	5.2	12.8
341	44.88736938	Virginia	-93.63221531	2.9	10.3
342	44.87593495	Schutz	-93.64579762	6.1	15.1
343	44.83661095	Bavaria	-93.64082441	6.6	20.1
344	44.88305071	Zumbra-Sunny	-93.66689905	3.6	17.6
345	44.88262217	Parley	-93.73076754	1.9	5.5
346	44.86782137	West Auburn	-93.69387509	7.6	25.9
347	44.86637156	Steiger	-93.65884303	3.9	11.2
348	44.84182464	Wassermann	-93.67373868	3	12.5
349	44.83841739	Reitz	-93.74827566	3.8	10.7
350	44.83224034	Piersons	-93.69926454	5.4	12.2
351	44.8690213	Waconia	-93.78535393	4	11.3
352	44.81541499	Hydes	-93.87476423	3.1	5.5
354	44.81847847	Smith	-93.98210539	1.8	2.7
355	44.80891506	Eagle	-93.93466619	2.3	4.4
358	47.15805521	Sugar	-93.83842755	4.4	13.4
362	46.83043922	Little Andrus	-94.00779282	4.1	7.6
365	46.90870558	Bass	-93.95834599	8.6	19.9
366	47.06216392	Big Sand	-93.97323208	2.1	7
368	46.99114977	Lower Trelipe	-94.07047754	3.8	9.8
369	47.31156894	Six Mile	-94.14548386	6.4	20.7
370	47.45069204	Winnibigoshish	-94.18627099	6.1	21.3
371	46.9411253	Little Boy	-94.18937005	7.5	21.3
372	46.91359002	Wabedo (North East Bay)	-94.20118149	6.4	15.2
373	46.90479698	Wabedo (South West Bay)	-94.23262691	9.6	28.9
376	46.98026064	Broadwater Bay	-94.26320015	4.7	14.3
377	46.94998538	Woman (main lake)	-94.2886507	5.8	16.5
378	47.18116775	Leech (Main Basin)	-94.42326963	4.9	41.1
379	47.1361157	Leech (Kabekona Bay)	-94.64683181	8.1	29
380	47.34327327	Portage	-94.3117455	5.1	16.1
381	46.49405688	Margaret	-94.36378834	3.3	7.9
382	46.85366163	Hand	-94.31218727	5.1	17.3
383	46.82973101	Ada	-94.34713927	6.4	18.3
384	46.94639883	Child	-94.34220476	3.8	8.8
385	46.9195564	Widow	-94.33260499	5.6	14.6
386	46.90922117	Blackwater	-94.30439663	5.9	20.4
387	46.90885824	Sand	-94.3397934	0.3	2.2
388	46.90152703	Sand	-94.33889292	6.4	16.5
389	46.97996186	Barnum	-94.32620277	3.1	8.1
390	46.97292838	Man	-94.3432665	10.6	26.8
391	46.96354874	Baby	-94.36413407	6.9	21
392	46.99975169	Hazel	-94.28803495	4.1	11.5
393	46.99275947	Moccasin	-94.36344792	6	28.9
395	46.44797067	Gull	-94.35722327	9.7	24.4
396	46.73882596	Norway	-94.39889775	1.7	4
397	46.95590607	Webb	-94.41393075	6.9	25.6
398	47.32986576	Lower Sucker	-94.42667453	4.4	10.7
399	46.36841774	Pillager	-94.47776237	6	11.9
400	46.42656375	Rock	-94.47454296	1.8	5.2
401	46.87927371	Five Point	-94.4491471	5.2	11.3
402	46.85108838	Horseshoe	-94.47381355	6.4	15.5
403	46.91360538	Pleasant	-94.47464353	6.7	21.3
404	47.01324636	Hovde	-94.448789	2.2	7.9
405	46.9977584	Diamond	-94.45230265	3.2	9.4
406	46.8236913	Pine Mountain	-94.53348275	6.3	23.8
407	46.93671399	Birch	-94.54864462	4.1	13.7
408	46.97072332	Ten Mile	-94.57261731	15.7	63.4
409	47.3529319	Pike Bay	-94.56873546	7.4	29
410	47.0100678	Portage	-94.55336581	9.9	27
411	47.07431725	Long	-94.60263793	6.9	24.4
412	47.09084163	May	-94.5936319	5.4	18.2
413	47.29162556	Thirteen	-94.54978947	3.9	17.1
414	47.27841509	Portage	-94.60010644	6.5	19.8
415	47.24289215	Crooked	-94.56780246	6.3	22.5
416	46.94007619	Crystal	-94.65501425	2.9	12.5
417	47.26457049	Steamboat	-94.66081316	11	27.4
418	47.39352069	Little Wolf	-94.66630246	3.6	7.2
419	45.36634025	Chisago (north portion)	-92.87715833	3.6	8.2
420	45.35209744	Chisago (south portion)	-92.86599447	1	2.4
421	45.35632794	Kroon	-92.8447137	2.5	9.1
422	45.37861553	South Center	-92.82186592	5.1	32.1
423	45.38196404	South Lindstrom	-92.85923367	4.7	10.3
424	45.42833863	Sunrise	-92.86492337	1.1	6.4
425	45.40909497	North Center Lake	-92.82933201	2.5	12.2
426	45.41319051	Little	-92.79388759	3	7
427	45.39732054	North Lindstrom	-92.84938653	4.9	8.8
428	45.36545632	Green (Little Green)	-92.89792918	2.2	4.3
429	45.33986554	Green (Main Basin)	-92.90376754	3.2	8.8
430	45.32117906	Comfort	-92.94754461	5.8	14.3
431	45.3127289	Little Comfort	-92.93661562	5.3	16.5
432	45.58061578	Fish	-93.03514188	5	14.8
433	45.6874388	East Rush	-93.04433803	2.4	7.2
434	45.68829627	West Rush	-93.08377117	3.8	12.2
436	45.60390319	Mandall	-93.08499271	2.9	6.1
437	45.59735749	Rabour	-93.0823484	3.4	12.9
438	45.6441447	Goose (North Bay)	-93.07699476	1.5	2.7
439	45.62539036	Goose (South Bay)	-93.07879893	5.7	16.7
440	47.01105132	Tilde	-96.19531096	2.6	4
441	46.76883839	Fifteen	-96.22629236	3.1	6.1
442	46.8621311	Lee	-96.25032228	4.2	11
443	46.83102442	Silver	-96.33343868	6.8	11.6
444	47.29369059	Big LaSalle	-95.17230712	7.5	14.6
446	47.18917104	Elk	-95.21797149	10.2	29.6
447	47.21617748	Itasca	-95.20108611	4.9	13.7
448	47.4914381	Walker Brook	-95.29910235	5.2	13.7
450	47.68306389	Deep	-95.39820706	7.6	23.1
451	47.64472708	Lindberg	-95.47761899	2.6	5.8
454	47.99904083	Devilfish	-90.10170191	3.8	12.2
455	47.98479597	Chester	-90.08311517	4.4	10.7
456	47.87002882	Trout	-90.17273137	10.3	23.5
457	47.99936731	Greenwood	-90.17458743	9.7	30.8
458	48.04537783	Alder	-90.29468768	8.7	21.3
459	47.82279537	Devil Track	-90.42373754	7	15.2
460	47.90578029	East Twin	-90.39071023	2.5	5.8
461	48.04249631	East Bearskin	-90.36337199	6.2	19
463	47.87361206	Two Island	-90.46629844	2.3	7.6
464	47.91285337	Ball Club	-90.49423409	2.9	8.2
465	48.04242144	Aspen	-90.41178445	3.3	7.6
466	48.058237	Hungry Jack	-90.43573228	6.6	21.6
467	48.0666671	Bearskin	-90.42648986	10	23.7
468	48.04684354	Poplar	-90.50928153	6.3	22.3
469	48.06915329	Birch	-90.53449623	7.9	21
470	47.76559242	Pike	-90.59590631	6.4	12.2
471	47.73132563	Deer Yard	-90.60358717	3.8	6.1
472	48.00287487	Gaskin	-90.54857148	6.7	18.3
474	47.8675956	Cascade	-90.63840428	2.4	5.4
475	47.852695	Little Cascade	-90.64971684	1.4	2.7
476	47.71127182	Caribou	-90.65963599	4	8.4
478	48.07790311	Loon	-90.69202424	21.3	65.5
480	47.87069256	Alton	-90.90926638	6.9	21.9
481	47.528463	Dyers	-90.9808526	2.7	7
482	47.69079814	Four Mile	-90.96947641	2.2	4.8
483	47.71943709	Toohey	-90.95401815	1.4	3.1
485	48.06366065	Gabimichigami	-91.02095749	22.4	63.7
486	43.94829069	Mountain	-94.94847409	1.3	2.2
487	43.92117753	Bingham	-95.04697051	2.6	3.9
488	43.87930679	Cottonwood	-95.09871278	2.5	4.1
490	46.38439131	Bay	-93.85082006	6.5	21.3
491	46.39539073	Clearwater	-93.91440212	7.4	16.5
492	46.36597183	Crooked (Sugar Bay)	-93.89835007	4.5	10.7
494	46.35731448	Hanks	-93.90231986	6.7	13.7
495	46.35179285	Portage	-93.91597169	5.5	11.3
496	46.1640577	Platte	-93.92267834	2.3	7
497	46.48066532	Serpent	-93.92833269	8.4	18.9
498	46.31059906	Upper South Long	-94.03904765	6.2	14.3
499	46.37835759	Nokay	-93.96323368	5.4	12.8
500	46.27948295	South Long	-94.0860094	6.6	14.3
501	46.37992049	Rice	-94.16631176	4.2	7
502	46.23639138	Crow Wing	-94.3396974	3.9	7.9
503	46.66404335	Ross	-93.83712648	3.5	9.4
504	46.66457151	Rogers	-93.89676243	6.4	19.5
505	46.74002182	Mary	-93.91635941	5.1	10.4
506	46.72467728	Emily	-93.94627284	2.4	4
507	46.7954707	Allen	-93.99546622	5	12.8
508	46.74922665	Ruth	-93.95279663	5.7	11.7
509	46.72309368	Trout	-93.9774784	3.3	6.7
510	46.69067262	Goodrich	-94.03009874	3.6	10.6
512	46.68177128	O'Brien (Northeast Bay)	-94.03294916	6.5	14.9
513	46.55297985	Upper Mission	-94.07290523	6	11
515	46.58179788	Horseshoe	-94.11518776	3.7	16.7
516	46.63932472	Pine	-94.10277777	1.2	5.2
518	46.71354443	Loon	-94.12791293	3	9.1
519	46.70905252	Island	-94.13484276	6.2	21.3
520	46.69696696	Hen	-94.13810329	5.6	15.8
521	46.68975405	Daggett	-94.0906732	3.4	7.6
522	46.6696508	Pleasant	-94.1405924	8.7	20.8
523	46.66034548	Velvet	-94.04389342	4.1	8.8
524	46.71308573	Ox	-94.11615559	5	21.3
525	46.77122809	Kego	-94.08523378	3.3	6.1
526	46.77725723	Mitchell	-94.04746828	9.3	23.7
527	46.75601391	Eagle	-94.04855609	4.8	10.7
528	46.74506402	West Fox	-94.09336091	7.1	16.8
529	46.74545101	East Fox	-94.07721261	5.7	19.8
530	46.72530939	Little Ox	-94.1176751	7.5	18.3
531	46.50846222	Edward	-94.15952774	5	22.7
532	46.57398156	Pelican	-94.17515754	6.7	31.7
533	46.69187388	Whitefish	-94.21410977	10.6	41.6
534	46.69344791	Rush	-94.14100013	6.6	30.5
535	46.66796708	Cross Lake Reservoir	-94.1335611	8.8	24.4
536	46.71575446	Big Trout	-94.15755259	14.7	36.6
537	46.47862687	Gladstone	-94.23969057	3.5	11
539	46.67570073	Pig	-94.18418657	7.3	17.1
540	46.66333552	Bertha	-94.25268768	8.5	21.3
541	46.668617	Clamshell	-94.23021431	2.5	12.2
542	46.65376603	Kimball	-94.20206905	8.9	23.5
543	46.64549242	Clear	-94.23251098	9.5	19.2
544	46.71532106	Arrowhead	-94.21679758	1.1	3
545	46.33951759	Perch	-94.2657294	4.5	12.8
546	46.43932021	North Long	-94.2407189	4.7	27.4
547	46.45788371	Round	-94.28146049	5.6	15.5
548	46.48706274	Hubert	-94.26911349	7.7	24.7
549	46.56631237	Upper Cullen	-94.256199	4.1	12.2
550	46.55375213	Middle Cullen	-94.26586192	6.1	14
551	46.66945781	Lower Hay	-94.2836236	14.9	30.5
552	46.35185357	White Sand	-94.28706006	3	7.9
553	46.37310944	Red Sand	-94.28937554	1.1	4.7
554	46.37047323	Upper Whipple	-94.31008738	0.1	1.1
555	46.36154777	Middle Whipple	-94.30676822	2.7	8.8
556	46.35181988	Lower Whipple	-94.31851511	0.3	2.3
557	46.53886763	Lower Cullen	-94.29116196	5.8	11.9
558	46.6432309	Upper Hay	-94.30245353	5.1	12.8
559	46.45316512	Sagamore Mine	-94.05442312	18.4	63.4
560	44.51527591	Byllesby	-92.97630694	3.2	15.2
561	44.72163853	Crystal	-93.26706839	2.9	11.3
562	44.70045034	Orchard	-93.30895976	2.9	10.1
564	45.85081128	Smith	-95.24785648	4.2	9.1
565	45.817263	Union	-95.34229554	4.8	13.7
566	45.84869962	Burgen	-95.34352476	7.3	13.1
567	45.90224606	Henry	-95.37582504	4.2	9.7
568	45.90077874	Geneva	-95.32853304	6.2	19.2
569	45.89441985	Agnes	-95.37487288	4.9	9.4
570	45.92796102	Le Homme Dieu	-95.35376448	6.2	25.9
571	45.9642918	Carlos	-95.35694938	14.3	48.5
572	46.06106771	Irene	-95.30720596	6	13.4
573	45.77696721	Maple	-95.37205433	6.8	23.7
574	45.91925132	Darling	-95.39636845	5.7	18.9
575	46.03833044	Miltona	-95.37520657	7.2	30.5
576	45.81999547	Andrew	-95.41877863	8.6	24.4
577	45.77447756	Turtle	-95.40239664	2	5.8
578	45.82887311	Mary	-95.48312347	4.2	9.1
580	45.90771488	Stony	-95.42674822	3.9	17.2
581	45.90492376	Brophy	-95.44220802	4.4	12.2
582	45.89973983	Cowdrey	-95.4169821	6.7	15.8
583	45.90116746	Lottie	-95.42905393	1.8	8.7
584	45.89342292	Mina	-95.47554419	9.8	37.5
585	45.94357137	Charley	-95.40475739	2.4	9.8
586	45.98825701	Ida	-95.42141016	8.6	32.3
588	45.88033414	Lobster (West Bay)	-95.54220325	3.9	9.4
589	45.99719828	Chippewa	-95.54203364	6	27.4
590	45.82588151	Blackwell	-95.55725928	3.9	12.5
591	45.81457544	Echo	-95.54704137	3.3	12.2
592	45.79405699	Freeborn	-95.61670044	3.3	5.5
593	45.99890833	Little Chippewa	-95.59343911	3.9	7.8
594	45.99089672	Devils	-95.5758948	3.3	10.7
595	45.97261379	Whiskey	-95.57531801	5.6	14
596	46.06120717	Moses	-95.59919973	5.1	9.8
597	45.99336124	Stowe	-95.62961595	2.3	4.3
598	46.07680571	Ina	-95.72346965	4.5	14.6
599	43.81925621	Bass	-94.07916998	3	6.1
600	43.7930862	Geneva	-93.27372251	0.2	1.3
601	43.65883105	Fountain (East Bay)	-93.37391264	1.7	4.3
602	43.66563641	Fountain (West Bay)	-93.39273274	1.6	2.4
603	43.67936951	School Section	-93.41900431	0.6	1.2
604	43.6726828	Morin	-93.57763717	1.3	1.8
606	46.06014452	Pelican	-95.79866635	2.7	6.4
607	45.90628993	Thompson	-95.81007524	4.1	6.7
608	45.8667454	Elk	-95.803774	3.9	8.5
609	45.91985461	Barrett	-95.88239677	2.5	8.5
610	46.02133639	Pomme de Terre	-95.88148923	2.2	7
611	44.92197952	Harriet	-93.30537643	9.8	26.4
612	44.9207726	Hiawatha	-93.23600543	4.1	9.4
613	44.90871548	Nokomis	-93.24236388	4.1	10
614	44.94209153	Calhoun	-93.31202772	10.1	27.4
615	44.98151637	Wirth	-93.32338993	3.5	7.6
617	44.95967078	Cedar	-93.32139487	6	15.5
618	44.83609586	Bush	-93.3833892	3.8	8.5
619	44.95312422	Hannan	-93.39560232	1	1.8
620	44.87876674	Bryant	-93.42918533	4.4	13.7
621	44.86288936	Smetana	-93.4125473	1.2	3.7
622	44.83734161	Staring	-93.45500453	2	4.9
623	45.00936462	Medicine	-93.42116277	4.8	14.5
624	44.99347784	Parkers	-93.47171679	3.4	11.3
625	45.10988059	Weaver	-93.50323565	6.4	17.3
626	45.09323512	Fish	-93.46381539	6.2	18.6
627	44.92934422	Minnetonka	-93.5947703	6.9	31.2
628	44.89614065	Christmas	-93.54320295	11.4	28.8
629	44.98886641	Long	-93.55640035	4.2	10.7
630	44.99304075	Classen	-93.60523058	1	1.4
631	45.19038604	Sylvan	-93.61148367	2	4
632	45.03186523	Independence	-93.64894202	4.8	18.2
633	44.9445187	Dutch	-93.68111172	4.4	13.1
634	45.06737419	West Sarah	-93.69092453	3.8	17.7
635	45.05782962	East Sarah	-93.66610702	4.5	15.9
636	45.11078614	Unnamed	-93.70561267	1.2	1.7
637	45.09459935	Hafften	-93.67833339	3.8	13.3
639	44.91041382	Highland Park Pond	-93.36772148	0.7	1.3
640	46.97784744	Ninth Crow Wing	-94.77018695	6.1	19.8
641	47.01135005	Eleventh Crow Wing (Main)	-94.7338816	10.2	24.4
642	47.02235359	Eleventh Crow Wing (East)	-94.70732817	7.1	16.8
643	46.98916083	Tenth Crow Wing	-94.75433882	4	12.2
644	47.13903711	Benedict	-94.69242246	10.4	27.7
645	47.22460745	Garfield	-94.74728298	4.3	10.7
646	47.40811015	Grace	-94.74539144	5.6	12.8
647	46.95961731	Eighth Crow Wing	-94.79172981	5.6	9.1
648	47.16684272	Kabekona	-94.75745576	15.3	40.5
649	46.86224591	Third Crow Wing	-94.85770146	3.5	9.1
650	46.87517458	Fourth Crow Wing	-94.86333653	1.5	3
651	46.83789671	Second Crow Wing	-94.87250053	4.4	10.7
652	46.83595224	First Crow Wing	-94.84336676	1.6	4.6
654	46.96815571	Shallow	-94.87642415	1.3	3.1
655	46.96966793	Deer	-94.86194542	0.8	1.5
656	46.94375057	Seventh Crow Wing	-94.82904873	5.3	12.2
657	46.92004326	Fifth Crow Wing	-94.89200391	4.4	10.7
658	46.92833372	Sixth Crow Wing	-94.86366364	4.9	10.7
660	47.02833201	East Crooked	-94.82477019	11.4	29.3
661	47.0272534	Middle Crooked	-94.85168571	1.7	10.1
662	47.03625548	West Crooked	-94.87965149	5.4	15.2
663	47.02799567	Dead	-94.9054165	5.1	10.4
664	46.99655064	Spider (NE/SW Bay)	-94.85184654	3.3	29.3
665	46.99579802	Spider (East Bay)	-94.84302324	7.5	20.1
666	46.80854708	Duck	-94.90609134	4.2	7
668	46.97163289	Round	-94.91167986	0.5	5.7
670	47.04239576	Upper Bottle	-94.92742265	6.2	16.8
671	47.02413781	Ojibway	-94.91577005	2.9	6.7
672	46.99047576	Little Sand	-94.93241847	7.6	24.4
673	47.06907254	Mantrap (East Basin)	-94.8992846	5.7	20.7
674	47.07755479	Mantrap (Middle Basin	-94.91736993	3.4	10.6
675	47.06503904	Mantrap (Mirror Bay)	-94.92539705	0.9	1.8
677	47.06019026	Mantrap (Home Bay)	-94.93185663	4.6	16.1
678	47.3884444	Plantagenet	-94.92560436	7.2	19.8
679	46.80827851	Upper Twin	-95.0268551	1.3	2.7
680	46.88621065	Long	-94.9997775	11.3	39.3
681	46.96810439	Boulder	-94.92706307	4.7	8.5
682	46.98147325	Ida	-94.95474843	3.9	12.5
683	47.04686871	Stocking	-94.95231406	3.6	7.6
684	47.03890368	Pickerel	-94.99448571	2	7.9
685	47.02859279	Lower Bottle	-94.9473881	8.2	35
686	47.01800525	Blue	-95.004179	11	25.6
687	46.99996064	Big Sand	-94.96830288	13.3	41.1
688	47.01746199	Emma	-94.94704748	6.3	15.2
689	47.00493788	Gilmore	-94.93188665	6.3	16.5
690	47.19201333	George	-94.97715458	3.7	8.8
691	46.95641574	Fish Hook	-95.06416245	8.1	23.2
692	46.99907887	Potato	-95.0498884	8.3	26.5
693	46.96585631	Portage	-95.1235886	2.5	4.4
698	47.18554095	Mary	-95.16737601	5.6	12.5
699	47.25742359	Beauty	-95.04994103	0.2	2.6
701	46.86653444	Brush	-95.1572708	1.9	5.2
702	47.1151701	Little Mantrap	-95.16379966	4.3	16.5
703	45.57396619	Skogman	-93.15392272	4	11
704	45.54162093	Florence	-93.22438191	2.1	7.6
705	45.55420615	Fannie	-93.18353656	2.5	9.1
706	45.63403906	Little Stanchfield	-93.23396489	1.7	3.7
707	45.47522107	Long	-93.34582175	1.5	3
708	45.72202836	Lory	-93.35786216	1.9	4.6
709	45.48825165	Blue (North Bay)	-93.49357218	1.5	3.4
710	45.47347471	Blue (South Bay)	-93.50201905	4.5	9.1
712	45.63961663	South Stanchfield	-93.47113676	2.4	5.2
714	47.22667722	Beauty	-93.08185262	3.4	9.8
716	47.30483203	Swan (Main Basin)	-93.17462017	12.1	19.8
717	47.12642404	Shallow	-93.30066898	6.9	25.9
718	47.66933935	Bear	-93.26713953	3.3	4.9
719	47.79140939	Thistledew	-93.24478187	6.7	13.7
720	47.30707664	North Twin	-93.31821887	5.5	12.5
721	47.29863002	South Twin	-93.32217991	5.4	12.2
723	47.82899348	Battle	-93.34154307	2.5	4.5
724	47.26012346	Trout	-93.40488421	14.3	42
725	47.46911925	Snaptail	-93.37605818	6	20.7
727	47.8606512	Little Bass	-93.35940884	5.7	25.7
728	47.83774552	Deer	-93.37945957	2.6	15.2
729	47.05961048	Split Hand	-93.48454782	4.5	9.1
730	47.14441161	Hale	-93.46529457	2.8	17.7
731	47.24610605	Hale	-93.54820021	8.5	17.4
733	47.42557488	Wabana	-93.52407537	7.8	35.1
734	47.42037173	Bluewater	-93.55367705	14.7	36.6
735	47.40044051	Little Wabana	-93.49154893	8.8	17.4
736	47.4616065	Trout	-93.55453121	13.4	47.8
737	47.51840685	Ruby	-93.55332976	9.7	26.8
738	47.60894044	Eagle	-93.47681938	4.7	12
739	47.70807096	Coon-Sandwick (Sand)	-93.55793048	1.8	6.2
741	47.18832118	Pokegama (Wendigo)	-93.5981305	10.9	33.5
742	47.04193163	Dinner Pail	-93.59903768	4.6	9.5
743	47.15662264	Siseebakwet	-93.67045594	12.9	32
744	47.14543838	South Sugar	-93.68187328	4.9	9.1
745	47.24175288	Little Jay Gould	-93.6129118	4.6	17
746	47.2860081	Little Bass	-93.60057711	6.9	19
747	47.31290902	Bass	-93.65162655	6.3	23.2
749	47.55363476	North Star	-93.66613707	7.8	26.9
750	47.57882289	Little North Star	-93.66684322	4.2	13.1
751	47.57019885	Big Island	-93.59454783	2.7	13
752	47.38081491	Deer	-93.6637639	12.4	30.8
753	47.39691155	Moose	-93.691651	5.7	18.6
755	47.36668708	Chase	-93.73879145	11.1	28.6
756	47.49298487	Little Bowstring	-93.72689845	5	10.1
757	47.64780784	Maple	-93.72151981	5.2	11.9
758	47.15277034	No-ta-she-bun	-93.77251591	6.9	13.7
759	47.609664	Little Turtle	-93.7635017	4	9.1
760	47.58636637	Jessie	-93.81861838	6.9	12.2
761	47.3595263	Ball Club	-93.94330667	11.9	24.4
762	47.53598496	Bowstring	-93.91627617	4.4	9.7
763	47.41706718	Little Winnibigoshish	-94.02472358	5	9.1
764	47.59785049	Alice	-94.15654226	8.5	18.3
765	47.83058068	Moose	-94.16481161	7	17.8
766	47.81403937	Island	-94.23631729	4.7	10.7
767	43.84524108	Fish	-95.04645142	4.5	8.6
768	43.53417645	Loon	-95.09692827	1.1	1.8
769	43.62677909	Clear	-95.08420313	2.3	3
770	43.55863938	Round	-95.43512594	1.6	2.1
771	46.01504705	Pomroy	-93.18000723	1.5	3.4
772	45.89768444	Quamba	-93.17391909	1.6	3.4
773	45.97467847	Knife	-93.3018578	2.6	4.3
775	45.91429196	Ann	-93.40196844	2	5.2
776	45.07964624	Ella	-94.8135739	1.3	3.4
777	45.18308359	Diamond	-94.84295502	4.8	8.2
778	45.27330154	Calhoun	-94.83259433	1.2	3.8
779	45.32599552	Long	-94.86690085	5	13.7
780	44.96347966	Lillian	-94.87514496	0.7	2.1
781	45.25179718	Green	-94.90436287	8.2	33.5
782	44.99533103	Big Kandiyohi	-94.94611326	3.7	5.5
783	45.21132499	Elkhorn	-94.94241641	5.2	12.2
784	45.24263176	George	-94.98392401	4.8	9.7
785	45.26030148	Nest	-94.96061083	4.2	12.2
786	45.05974162	Wakanda	-94.99317479	2.1	4.3
787	45.2282827	Ringo	-95.0131129	1.3	2.1
788	45.20184912	Long	-95.03506921	2.9	4.9
789	45.31076671	Andrew	-95.04255382	5	7.9
790	45.25177667	Florida	-95.05580758	5.7	9.1
791	45.33292587	Games	-95.1006289	4.2	12.2
792	45.31892786	Norway	-95.11779335	1.9	9.3
793	45.26752281	Swenson	-95.13863657	2.8	4.3
795	47.95627992	Dark	-94.09323463	3.5	15.2
797	45.12801704	Lac Qui Parle (N.W. Bay)	-96.01850584	1.3	3
798	47.62705213	East	-91.04017131	2.6	5.5
800	47.60931536	Crooked (West Bay)	-91.08184675	0.3	1.6
801	47.58708841	Echo	-91.06585386	8.5	18.6
802	47.57881937	Ninemile	-91.08221937	1	12
803	47.67113694	Wilson	-91.07441902	5.9	16.2
805	47.70967878	Whitefish	-91.04083525	4.7	12.7
806	47.73575434	Windy	-91.07437928	4.9	11.9
807	47.73164303	Silver Island	-91.13544707	2.1	4.7
808	47.79892476	Perent	-91.13943928	2.7	11.5
809	47.9793202	Beaver	-91.15832295	7.2	23.1
810	47.60849642	Divide	-91.25373127	3.3	6.7
811	47.95283696	Amber	-91.18261751	3.7	8.2
812	47.98911502	Thomas	-91.23608287	8.2	33.5
815	47.81260976	Isabella	-91.29242318	2.7	5.5
816	47.34568038	Lax	-91.29899368	3.1	9.3
817	48.00233244	Ahsub	-91.34307507	8.4	23.8
818	47.98432843	Snowbank	-91.41929745	14.4	42.7
819	47.43524642	Cloquet	-91.48973509	0.7	2.1
820	47.68800195	Gander	-91.50792272	0.7	1.5
821	47.65406169	Gegoka	-91.47514333	1	2.1
822	48.01346731	Wind	-91.53561989	3.4	9.8
823	47.52033164	Greenwood	-91.63227118	1.4	2.1
824	47.70722022	Dunnigan	-91.63127068	2.1	4.3
825	47.63970994	North McDougal	-91.54864564	2	4
826	47.76129591	August	-91.61300748	2.3	5.8
827	47.95779387	Glacier Pond 1	-91.57039884	2.3	8.2
828	47.58443982	Sand	-91.66940539	1.7	3
829	47.18717553	Stewart	-91.75287941	2	6.1
830	47.23859269	Thomas	-91.70652534	2.7	4.6
831	47.8913408	South Farm	-91.69204001	4.3	9.1
832	47.89922507	Farm	-91.72916955	5.9	16.5
833	47.92301321	Garden	-91.7470493	4.7	16.8
836	44.22750038	Upper Sakatah	-93.54151638	1.9	3
837	44.23049442	Tetonka	-93.60951453	5	9.5
838	44.34147727	Gorman	-93.66087277	2.1	4.3
839	44.36809934	Volney	-93.64140783	6.6	20.4
840	44.22960193	Fish	-93.66563989	5.4	16.2
841	44.21118849	Frances	-93.70139825	3.7	18.3
842	44.27382957	German	-93.72840546	4.1	15.4
843	44.43714324	Clear	-93.69737694	3	6.1
844	44.27347638	East Jefferson	-93.75990562	5	11.3
846	44.26088467	Swede's Bay	-93.77376775	0.7	1.8
847	44.27701325	Middle Jefferson	-93.7924794	1.3	2.4
849	44.31104506	Emily	-93.91830591	3.2	11.3
850	44.36163867	Dead Coon (Main Lake)	-96.09548513	1.5	2.1
852	44.5128107	Perch	-96.28981836	1.5	2.7
853	44.4043975	Shaokotan	-96.3615448	2.4	3.4
855	44.57145428	Lady Slipper	-95.6290345	1.4	2.7
856	44.38049164	Island	-96.00942182	1.1	1.8
857	44.95392106	Hook	-94.34584655	1.9	5.5
858	44.78977414	Marion	-94.38435174	2	4.6
859	44.95522818	Stahl's	-94.42042521	4.1	10.6
860	47.31716139	Roy	-95.55269064	2.9	5.5
861	47.15066939	Tulaby	-95.60623921	6.3	12.4
862	47.22516547	Bass	-95.58900725	3.9	7.9
863	47.23250226	South Twin	-95.64467315	3.8	8.3
864	47.2561548	North Twin	-95.64398554	2.4	4.9
865	47.45007351	Island	-95.65240011	4.1	13.1
866	47.1990307	Snider	-95.67125326	4.6	8.8
868	47.42948226	Little Vanose	-95.80009299	2.3	8.4
869	43.55887931	Wilmert	-94.48109085	1.7	2.7
870	43.5199414	South Silver	-94.46696745	3.8	6.7
871	43.66268394	George	-94.46953821	1.7	3.6
872	43.65145375	Sisseton	-94.47000828	2.9	5.6
873	43.63974145	Budd	-94.4667158	3.9	6
874	43.62314459	Hall	-94.46903213	2.4	7.6
875	43.6071128	Amber	-94.47354884	3.7	5
876	43.67701893	Fox	-94.69848767	3.1	6.3
877	45.22156337	Francis	-94.26115687	3.1	5.8
878	45.00026288	Jennie	-94.33252234	2.5	3.5
879	45.13127765	Little Swan	-94.29240757	4.3	9.4
880	45.14294954	Big Swan	-94.27824752	4.6	9.8
881	45.06910769	Washington	-94.37274696	2.4	5.2
882	44.97995174	Belle Lake	-94.42626322	4.3	6.6
883	45.0578884	Manuella	-94.44532485	6.1	15.5
884	45.01058872	Erie	-94.42034739	3.5	7.6
885	45.06724152	Stella	-94.41971374	5.1	22.5
886	45.15511221	Dunns	-94.42894153	3.5	6.1
887	45.15918045	Richardson	-94.4391609	6	12.2
888	45.2771034	Clear	-94.44507914	2.5	5.2
889	45.27377172	Little Mud	-94.42817791	3.6	12.7
890	45.03612554	Minnie-Belle	-94.52809418	8	13.7
891	45.10611291	Ripley (west portion)	-94.54085093	3	5.5
892	45.10597191	Long	-94.66930906	1.7	3.4
893	45.08204488	Hope	-94.65201172	1.6	3
894	44.99326729	Unnamed	-94.42412875	0.1	1.5
895	46.23845257	Mille Lacs	-93.64314274	8.7	12.2
897	46.15442986	Long	-93.88849976	3.8	10.7
898	46.13966088	Sullivan	-93.944263	5.5	15.7
899	46.15468221	Round	-93.97287768	4.3	8.8
900	45.96444118	Pierz	-94.14985955	4.9	9.1
902	46.13142332	Round	-94.44844572	3	5.2
903	46.20857061	Alexander	-94.54361022	7.7	19.8
904	46.30924511	Placid	-94.50956281	2.9	7.6
905	45.8310932	Pine	-94.63217236	6.1	17.9
906	45.79026793	Stony	-94.62864772	1.5	2.4
907	46.25392029	Shamineau	-94.60074349	5.7	15.8
908	46.24962034	Round	-94.53361685	3.3	5.5
909	46.2435654	Crookneck	-94.60971978	2.6	5.5
911	45.81417888	Cedar	-94.6367695	11	26.7
913	44.15402308	Sarah	-95.7659408	2.3	2.9
914	44.31049226	Swan	-94.26895875	0.3	1.1
915	43.61301634	Okabena	-95.61736377	2	5
916	46.41031282	West Leaf	-95.49198028	6.8	16.2
917	46.40300173	Middle Leaf	-95.45229372	5.2	13.1
918	46.39869351	East Leaf	-95.42280166	6.4	14.3
919	46.61101706	Big Pine	-95.4857033	5	21.5
920	46.2951778	East Battle	-95.55350474	7.1	26.5
921	46.41777507	Portage (main bay)	-95.53020609	5	14.9
922	46.48697853	Rush	-95.52122298	3.6	19.8
923	46.63353017	Little Pine	-95.5560278	7.4	21.9
924	46.41934066	Donalds	-95.55254205	4.8	13.1
925	46.515081	Boedigheimer	-95.59176959	4.2	7.9
926	46.24747891	Clitherall	-95.6672755	7.9	20.9
927	46.2934237	West Battle	-95.65376634	7	32.9
928	46.34722414	Blanche	-95.65864467	3.2	19.3
929	46.32749788	Annie Battle	-95.66053954	4.5	15.5
930	46.40075134	Otter Tail	-95.6632671	7.6	34
931	46.17074043	Eagle	-95.6920046	9	14
932	46.35931281	Deer	-95.76782043	3	7.6
933	46.29291545	Elbow	-95.74847687	6	14
934	46.43628857	Walker	-95.67730772	3.5	8.8
935	46.69390504	Scalp	-95.77972296	10.1	27.4
937	46.70959352	Six	-95.77800135	9.8	39.6
939	46.47993805	Dead	-95.75064444	2.9	18.5
941	46.62393319	Sybil	-95.78351928	7.5	22.6
943	46.20882611	Stalker	-95.82857469	6.3	28.9
944	46.4273424	Pickerel	-95.80575726	9	24.7
945	46.68285348	Leek (Trowbridge)	-95.86350478	5.1	23.1
946	46.12567413	Ten Mile	-95.96341572	5	15.5
947	46.50229863	Fladmark	-95.9231228	6.2	13.7
948	46.57924875	North Lida	-95.96685313	5.4	14
949	46.53562243	South Lida	-95.98725369	5.4	14.6
950	46.61483667	Crystal	-95.95168252	4.9	16.7
951	46.64213001	Franklin	-95.9746184	4.4	14.2
953	46.61587512	Rush-Lizzie(south portion	-95.99905751	1.4	2.7
954	46.43024539	Long	-96.05537382	7.3	22.2
955	46.69849769	Pelican	-96.01991576	7.1	18.6
956	46.22437574	Iverson	-96.04404384	2.1	5.5
957	46.41100109	Jewett	-96.05060172	7.1	22.8
958	46.60077028	Prairie	-96.07057592	2.6	6.4
960	46.07211771	Tamarack	-92.50456411	4.5	14.2
961	46.40317115	Pickerel	-92.43734773	1.1	2.4
962	46.41590357	Net	-92.44945211	1.7	3.7
963	46.3873499	Oak	-92.5945521	2.2	5.5
964	46.40727488	Island	-92.75167148	4.2	12.5
965	46.37999724	Sturgeon	-92.75655575	5.7	12.2
966	46.41484168	Sand	-92.78006011	5.3	12.2
967	45.85010235	Cross	-92.94289718	4.2	9.8
968	46.12240608	Grindstone	-93.00742284	21.6	46.6
969	46.22749678	Bass	-92.9688266	1.3	3.6
970	46.15536716	Bass	-93.05244756	3	6.1
971	46.20815048	Big Pine	-93.04538117	4.1	6.7
972	45.84401757	Pokegama	-93.04337189	3.5	7
973	47.62615141	Cross (North East Bay)	-95.62710926	0.4	3.3
974	47.6217608	Cross (Main  Basin)	-95.63313054	2.9	5.8
975	47.62208617	Cross (East Bay)	-95.61673838	0.2	1.1
976	47.71567851	Store	-95.7633683	3.7	5.8
977	47.67740374	Hill River	-95.80815686	3.3	17.9
978	47.66545698	Cameron	-96.01962212	1.8	2.1
980	47.68071961	Badger	-96.01381361	1.7	5.8
982	47.65680046	Maple	-96.17136088	2.6	4.3
983	45.45212915	Scandinavian	-95.34852482	4.5	14.9
984	45.68442093	Amelia	-95.29041176	7	20.8
985	45.64427058	Pelican	-95.4562742	2.7	10.2
986	45.70188854	Ann	-95.44152588	3.2	4.3
988	45.02676065	Silver (East)	-92.98839402	1.8	5.5
989	45.11818569	Bald Eagle	-93.01413279	4.1	11.3
990	45.02273083	Casey	-93.01345342	0.4	1.1
991	45.02476858	Kohlman	-93.05857488	1.2	3.6
992	45.01958958	Gervais	-93.07008055	5.8	12.6
994	45.00588105	Keller (main bay)	-93.06098898	1.3	1.5
995	44.99461385	Wakefield	-93.03584038	1.3	2.4
996	44.98762866	Phalen	-93.05280211	7.1	27.7
997	44.97308548	Beaver	-93.00470622	2	3.9
998	45.05214946	East Vadnais	-93.08827042	7.6	17.6
999	45.0527467	West Vadnais	-93.10111268	1.7	2.7
1000	45.09579134	Pleasant	-93.10000785	5.1	17.6
1001	44.90453113	Crosby	-93.15119144	0.6	5.1
1002	44.99817504	McCarron	-93.11297296	7.9	17.4
1003	44.98008202	Como	-93.13980849	1.9	4.9
1004	45.0333318	Owasso	-93.12428878	3.3	11.3
1005	45.03538867	Josephine	-93.15373351	3.2	13.1
1006	45.09858622	Turtle	-93.13822187	3.4	8.5
1007	45.07612093	Long	-93.20351689	3.4	7.3
1008	45.05368228	Island (Basin S.of I-694)	-93.13611439	1.7	3.3
1009	45.05835349	Island (Basin N.of I-694)	-93.13417729	1.1	2.1
1010	45.04344663	Johanna	-93.16999355	5.2	13.1
1011	45.04503179	Wabasso	-93.11603707	5.7	22.2
1012	44.21063741	Laura	-95.49981367	2.5	6.2
1013	44.78255492	Preston	-94.53832763	1.8	3
1014	44.80359071	Allie	-94.55805339	2.3	3
1017	44.32892469	Roberds	-93.34472977	3.1	11.6
1018	44.39217442	Fox	-93.32362493	5.9	14.3
1019	44.33962842	French	-93.39217814	5	15.4
1020	44.37319706	Mazaska	-93.39463674	5.1	15.1
1021	44.21590782	Sprague	-93.48341949	0.9	1.6
1022	44.29586444	Cedar	-93.43044874	2.8	12.8
1023	44.36973492	Shields	-93.44455194	3.2	9.3
1026	47.17844026	Pequaywan	-91.88770994	4.4	9.1
1027	47.16653308	Sand	-91.87053684	1.8	4.9
1028	47.23568009	Little Stone	-91.82258405	2.4	4.6
1029	47.21078607	White	-91.88095939	2.4	7.6
1030	47.36953737	Bassett	-91.90501727	3.9	6.1
1031	47.53026795	Big	-91.84985543	4.3	8.5
1032	47.77825234	Little	-91.82587369	2.9	7.3
1033	47.95922456	Dry	-91.87074739	7.5	13.4
1034	47.9120655	Shagawa	-91.87800016	5.6	12.8
1036	47.3793857	Cadotte	-91.91116249	3.3	5.5
1037	47.77614548	Bear Island	-91.96634516	7.1	18.9
1039	47.2909049	Harris	-92.02714671	4.1	11.6
1040	48.06975986	Big	-91.9971172	2.8	6.7
1041	48.18837512	Stuart	-92.00891877	5.2	12.2
1043	47.78450099	Bearhead	-92.07941545	4.2	14
1044	47.84946584	Armstrong	-92.07958442	6	10.3
1045	47.83015154	Eagles Nest #1	-92.10140636	8.2	23.2
1047	47.81344624	Eagles Nest #3	-92.09040869	4.5	14.9
1048	46.89262377	Wild Rice	-92.18467475	1.5	2.4
1049	47.01337037	Island Lake Rsvr(W.Basin)	-92.20359023	4.8	21.1
1050	47.02899136	Island Lake Rsvr(E.Basin)	-92.1143647	8.3	27.4
1051	47.06291043	Boulder	-92.17342293	2.5	4.6
1053	47.84704033	East Vermilion	-92.33394754	5.3	22.8
1055	46.98700271	Flowage	-92.19179958	2.1	3
1056	46.96965869	Clearwater	-92.21411502	2.8	7.8
1057	47.21964108	Upper Comstock	-92.22287339	4.2	7.6
1058	47.20855333	Lower Comstock	-92.24013486	3	7.6
1059	48.24406491	Loon	-92.27917518	8.4	22.9
1061	46.86733678	Pike	-92.30164917	7.8	18.3
1062	46.94001249	Fish Lk Flowage(Main Bas)	-92.27385358	3	11
1064	47.16480143	Long	-92.30961176	5.4	12.2
1065	47.97322577	Trout	-92.31920127	12.5	28.6
1066	46.87548644	Grand	-92.40206878	2.1	7.3
1067	47.10369498	Leora	-92.40394809	5.2	10.7
1068	47.22604258	Dinham	-92.39998828	3.7	7.6
1069	47.20719141	Cameron	-92.3573394	4.2	7.6
1070	47.20664493	Schubert	-92.33691714	3.3	6.1
1071	47.32899007	Section Fourteen	-92.33122083	2.5	7.6
1073	48.28012533	Little Vermilion	-92.411514	5.9	15.8
1074	48.17569918	Echo	-92.46970636	2.2	3.4
1075	48.29367238	Crane	-92.4757987	8.8	24.4
1077	47.09200946	Nichols	-92.53830753	2.4	9.1
1078	47.31210572	Elliot	-92.44350692	1.7	3.5
1080	47.45070707	Ely	-92.48294959	6.8	21.3
1081	47.52385136	Silver	-92.54375623	3.2	8.7
1082	47.52750074	Virginia	-92.53840558	4.8	13.6
1083	48.39657969	Little Trout	-92.52134774	12.2	29
1084	48.33601935	Mukooda	-92.48868585	12	23.8
1087	48.56906589	Rainy	-93.16745731	1.9	5.2
1088	47.01214064	Maple Leaf	-92.62380438	4.8	15.2
1089	47.00094343	Aerie	-92.63840602	3.6	11.3
1090	48.04261597	Ban	-92.65946451	2.1	4
1091	48.03885327	Unnamed	-92.6077909	1	4.4
1093	48.0083208	West Elbow	-92.69435278	1.9	4.6
1094	48.11070308	Kjostad	-92.60374397	6.1	15.2
1095	48.28522469	Marion	-92.67336117	2.2	4
1096	48.36935549	Little Johnson	-92.67461685	2.7	8.4
1097	48.37138601	Spring	-92.63008789	9.4	18.3
1098	47.62582639	Camp A	-92.76964686	2.4	9.3
1099	47.68365926	Gate	-92.69184581	2.8	10
1100	48.19305668	Elephant	-92.74405952	4.5	9.1
1101	48.49794633	Cruiser	-92.80569475	13.1	27.7
1102	48.51855144	Unnamed (Ryan)	-92.70735377	2	3.7
1103	48.51661693	Brown	-92.79487737	4.2	8.2
1104	48.05816272	Pelican	-92.91004328	2.3	10.9
1105	48.20308819	Black Duck	-92.81903655	5.1	9.4
1107	46.79158802	Prairie	-92.90382776	6.2	13.7
1108	48.21193916	Ash	-92.93468425	5.1	7.9
1109	48.4835327	Jorgens	-92.84358145	2.8	5.8
1110	48.52553679	Loiten	-92.92406218	7.4	14.9
1112	47.95512273	Little Dry	-91.87648043	3.2	8.2
1116	44.71163704	Murphy	-93.34109594	1.6	6.3
1118	44.62670124	St. Catherine	-93.43359951	1.3	2.4
1119	44.63140042	Cynthia	-93.47521447	1.6	3
1120	44.69996463	Spring	-93.4722355	4.8	11.3
1121	44.71257144	Unnamed	-93.47637151	1.3	2.2
1122	44.65156669	Fish	-93.46039035	4.9	8.5
1123	44.71323679	Upper Prior	-93.44838061	2.3	12.3
1124	44.74419584	Unnamed (Hass)	-93.45778854	0.9	1.8
1125	44.58886629	Cedar	-93.52133644	1.9	3.4
1126	44.74135439	O'Dowd	-93.51718144	2.1	6.7
1127	44.60577442	Pleasant	-93.56410142	1.1	1.7
1128	44.68957656	Geis	-93.54759964	0.5	1.1
1129	44.65076562	Unnamed	-93.380235	1.3	2.4
1130	44.62164592	Sweetbrier	-93.34397706	1.4	5.2
1131	45.45515899	Fremont	-93.57539852	1.6	3
1132	45.48659903	Sandy	-93.51894138	4.2	12.2
1133	45.48752878	Elk	-93.62650652	2.3	4.6
1134	45.37675047	Birch	-93.66915581	3.1	5.5
1136	45.42388341	Ann	-93.69061361	2.1	7.6
1137	45.34175048	Mitchell	-93.75618321	4.7	13.4
1138	45.33827421	Big	-93.75472318	4.8	13.4
1139	45.47139235	Elk	-93.94588166	1.6	2.4
1140	45.50505921	Julia	-93.92210966	2.4	4.6
1141	45.49904584	Briggs	-93.94006984	3.9	7.6
1142	45.49085835	Rush	-93.93309382	1.7	3
1143	45.40019432	Maria	-94.11910643	2.3	4.6
1144	45.39548684	Long	-94.10321587	4	9.1
1145	45.39030181	Crooked	-94.11150715	4.1	9.1
1146	45.4189471	Warner	-94.08261088	3.8	9.1
1148	45.32452525	Otter	-94.15875627	7.2	15.2
1150	45.33008782	School Section	-94.27235305	2.6	3.7
1151	45.39894209	Pearl	-94.3064279	3	5.5
1152	45.36738116	Carnelian	-94.2744011	4.1	9.8
1153	45.49420091	Pleasant	-94.28695711	4	9.1
1154	45.43718014	Grand	-94.3373359	5.8	10.4
1155	45.3875585	Goodners	-94.37597031	2.3	6.1
1156	45.44624107	Schneider	-94.47686498	6.1	16.8
1157	45.44042821	Great Northern	-94.46841331	1.9	4.9
1158	45.4352432	Knaus	-94.45052391	2	4.9
1159	45.4367762	Krays	-94.45887072	2.1	12.3
1160	45.43093533	Bolfing	-94.46499354	4	10.7
1161	45.43643623	Zumwalde	-94.4859869	1.9	6.5
1162	45.57222498	Sagatagan	-94.39135649	2.1	12.1
1163	45.57894029	Kreigle	-94.47886465	3.8	18.3
1164	45.55157434	Big Watab	-94.45017042	12.6	37.3
1165	45.55396533	Island	-94.39813641	2.7	12.2
1167	45.65456679	Pelican	-94.48530271	5.2	12.2
1168	45.62039454	Ochotto	-94.44822878	4.8	12.4
1169	45.60427925	Achman	-94.40307072	2	7.6
1170	45.42343384	Cedar Island (Main Bay)	-94.50076211	4.6	21.3
1171	45.41803816	Cedar Island (Mud Lk)	-94.51261969	3.1	10.7
1173	45.43832138	Cedar Island (East Lk)	-94.51414682	0.8	4.2
1174	45.65107222	Pine	-94.50842406	9.1	21.3
1176	45.3856351	North Brown's	-94.53779426	5.6	10.7
1177	45.35153387	Eden	-94.52835	5.7	23.1
1178	45.33828314	Vails	-94.53377214	2.6	6.1
1179	45.44340481	Becker	-94.5382494	0.7	6.1
1180	45.42663974	Horseshoe	-94.53302763	4.3	17.4
1181	45.42365285	Big	-94.5768614	4.1	9.1
1182	45.37424985	Rice	-94.61564987	4.8	12.5
1183	45.60253264	Sand	-94.64970776	2	3
1184	45.3347562	Koronis (main lake)	-94.71191892	8.9	40.2
1185	45.6233515	Maria	-94.73167696	4	12.2
1186	45.70340632	Cedar	-94.7481506	2.2	10.7
1187	45.70605065	Long	-94.71447873	6.1	18.3
1188	45.68845325	Kings	-94.70431797	7	13.4
1190	43.89167154	Beaver	-93.34980576	4.4	8.2
1191	45.52159684	Page	-95.79372579	4	5.2
1192	45.58871965	Long	-95.790189	1.5	2.9
1193	45.70089954	Perkins	-95.86179506	2	4
1195	45.32461346	Monson	-95.27969195	2	4.7
1196	45.40581698	Camp	-95.39021591	3.9	7.9
1197	45.33580823	Oliver (east portion)	-96.01965352	3.2	5.5
1198	45.34749929	Oliver (west portion)	-96.04074376	2.2	4.3
1199	45.77871763	Schreiers	-94.6459486	1.3	2.1
1200	45.83476564	Mound	-94.68012838	7.1	17.4
1201	45.82172748	Bass	-94.73608016	5	14.3
1202	45.88794927	Big Swan	-94.75031035	5	13.7
1203	45.88858851	Moose	-94.68989269	4.3	7.9
1204	45.88703322	Long	-94.723222	9.6	19.2
1205	45.86835007	Buck	-94.70000061	6.1	11.9
1207	45.93066172	Little Swan	-94.69330061	7.9	20.4
1208	46.00999427	Beauty	-94.69664066	4.1	8.8
1209	46.08122607	Coal	-94.75566424	4.5	7.6
1210	46.14207375	Big	-94.68352887	3.4	6.4
1211	46.11569587	Pine Island	-94.71316484	4.2	7.9
1212	45.78041378	Big Birch	-94.75249312	7.7	24.4
1213	46.19252009	Turtle	-94.76998471	5.9	11.9
1215	45.82270316	Fuller	-94.80426454	4.7	13.7
1216	45.81607044	Hennessy	-94.79815463	3.4	8.8
1217	45.92115765	Latimer	-94.8506211	5.1	9.3
1218	46.34997314	Dower	-94.85234623	4	10.4
1219	45.79810862	Long	-94.88925652	4.8	11
1222	45.84639892	Cedar	-94.92644687	4.5	7.6
1223	45.86407938	Juergens	-94.93353756	2.8	5.8
1224	45.85744118	Little Sauk	-94.98406674	3.3	7.7
1225	45.8340274	Guernsey	-95.03211543	2.2	4.9
1226	45.90890147	Osakis	-95.10605642	5.1	20.3
1227	45.81472596	Long	-94.98007543	3.2	8.8
1228	45.80317889	Lily	-94.98293634	4.6	10.1
1230	46.79848446	Lower Twin	-95.03801507	3.4	7.3
1231	46.78747481	Blueberry	-95.08710997	2.1	4.6
1232	44.08615223	Clear	-93.48415706	3	7.6
1233	44.08133315	Loon	-93.51836859	1.5	2.4
1234	44.18696062	Reeds	-93.61334248	4.3	17.4
1236	45.04724769	Long	-92.8528494	1.5	6.7
1237	45.1649775	East Boot	-92.83110344	1.7	8.2
1238	45.17453572	Unnamed (Maple Marsh)	-92.88688707	1.2	2.8
1239	45.16299712	West Boot	-92.83833418	2.9	10.4
1240	45.15666155	Square	-92.80379104	9	20.2
1241	45.13597971	Big Carnelian	-92.80881353	7.6	20.1
1243	45.28622172	Bone	-92.85948653	4.1	9.1
1244	45.26756268	Goose	-92.80885201	3.8	7.6
1245	45.24933352	Halfbreed	-92.89866446	1.4	10.3
1247	44.94430958	Battle Creek	-92.97198764	1.2	4.7
1248	44.92552884	Powers	-92.89919584	4.4	12.5
1249	45.02232046	DeMontreville	-92.94141245	2.3	7.3
1250	45.01671551	Olson	-92.94380531	2.3	4.4
1251	45.01570015	Jane	-92.92436367	4	11.8
1252	44.98406345	Elmo	-92.88734009	10.8	34.8
1253	44.95352664	Tanners	-92.98150721	5.6	13.7
1254	45.13383338	Sunset	-92.94285037	1	4.7
1255	45.27388243	Forest	-92.9460681	3.3	11.3
1256	45.25272705	Shields	-92.94534121	2.2	7.9
1257	45.26075459	Clear	-93.00184078	3.4	8.5
1258	44.90641829	Carver	-92.98150269	4.6	11
1259	45.07650966	White Bear	-92.98848662	5.2	25.3
1262	44.03701301	Winona (South Bay)	-91.63620179	4.4	11.6
1263	45.14222439	Martha	-93.73916527	2.5	6.1
1264	45.15106584	Charlotte	-93.7471706	6.5	12.2
1265	45.15029385	Moore	-93.75332081	1.2	2.5
1266	45.17433433	Beebe	-93.74299466	3.6	7.2
1268	45.12069714	Dean	-93.83420859	3.1	6.1
1269	45.10205189	Crawford	-93.86058326	0.8	4.6
1270	45.2184325	Constance	-93.86325116	3.7	6.1
1271	45.19822225	Pulaski (main bay)	-93.85378545	11.1	26.5
1272	45.28915182	Bertram	-93.8548459	5.6	12.8
1273	45.16276253	Buffalo	-93.89335742	4.3	10.6
1274	45.07066647	Little Waverly	-93.99623917	1.9	3
1275	45.14374895	Deer	-93.91249289	2.6	7.6
1276	45.07533806	Waverly	-93.97245006	7.6	21.5
1277	45.22277204	Sullivan	-93.94398548	4.6	15.2
1278	45.21030378	Ramsey	-93.99642209	5.9	24.6
1279	45.23562988	Upper Maple	-93.95846644	5.1	23.2
1280	45.22133991	Mud	-93.98298039	0	0.3
1281	45.31111035	Silver	-93.97943891	5.1	12.2
1282	45.3037439	Ida	-93.90443082	5.6	18.2
1283	45.28327896	Eagle	-93.91458414	4.4	11.5
1284	45.28793371	Millstone	-93.99400885	1.3	2.6
1285	45.2654718	Unnamed (Otter)	-94.01158873	3.2	8.1
1286	45.25283845	Mary	-93.99111762	10.7	31
1287	45.33354098	Limestone	-93.99929387	3.7	10.3
1288	45.36019424	Locke	-93.96009267	5.5	14.9
1289	45.1706971	Rock	-94.01296651	4.1	11.2
1290	45.38287841	Fish	-94.01611	4	11.6
1291	45.02747395	Ann	-94.0471721	3.1	5.6
1292	44.99607857	Mary	-94.02343399	5.5	14.6
1293	45.07262182	Howard	-94.06939811	4.9	11
1294	45.18472412	Granite	-94.11008129	5.5	10.3
1295	45.16206337	Camp	-94.09287122	5.9	15.8
1296	45.30781689	Indian	-94.02764704	5.1	9.4
1298	45.27400224	Mink	-94.02668548	1.9	9.1
1299	45.26400782	Somers	-94.02690897	2.9	4.6
1300	45.31775156	Sugar	-94.03784023	7.7	20.6
1301	45.32167425	Bass	-94.10260098	5.1	10.4
1302	45.35725423	Nixon	-94.05651269	4.1	15.2
1303	45.33095894	Grass	-94.11247532	3.1	10.7
1304	45.27486515	Pleasant	-94.12517212	4.9	22.4
1305	45.29535589	Clearwater (East)	-94.10397305	6.8	21.3
1306	45.3147511	Clearwater (West)	-94.13750437	4.9	15.2
1307	45.10974533	Cokato	-94.16798403	6.6	15.8
1308	45.08761313	Brooks	-94.20312768	3.5	6.4
1309	45.15135299	Mud	-94.15057449	6.2	20.9
1310	45.22559441	Moose	-94.23268502	2.7	12.2
1311	45.20847115	French	-94.16298174	5	15.2
1312	45.24866427	West Lake Sylvia	-94.21327171	9.5	25.1
1313	45.31772515	Caroline	-94.19634635	4.6	13.5
1315	45.30280879	Augusta	-94.16828251	7.6	24.9
1316	45.2598472	John	-94.16693335	3.4	9.3
1317	45.25214707	East Lake Sylvia	-94.19526053	9.7	23.7
1318	45.05069854	Collinwood	-94.25517633	3.7	8.5
1319	45.27498976	Scott	-94.25769013	2.9	7
1320	45.25340708	Union	-94.26057193	5.6	10.7
1322	44.6405376	John Reservoir	-96.22684848	1.7	4.3
