"WBIC","site_id"
2391200,"nhd_13120940"
2676000,"nhd_2266249"
590500,"nhd_6842259"
2718500,"nhd_1852639"
2467200,"nhd_2266195"
703300,"nhd_6842315"
2268300,"nhd_12991001"
691800,"nhd_6842187"
1539600,"nhd_13393729"
2707300,"nhd_120053170"
1537100,"nhd_13393891"
650500,"nhd_6842473"
998500,"nhd_13394011"
1872100,"nhd_13343952"
2722800,"nhd_1850171"
1178200,"nhd_13391855"
2269400,"nhd_12990873"
1593400,"nhd_13393449"
2670900,"nhd_2265947"
2284000,"nhd_13349304"
2045000,"nhd_12988067"
1870200,"nhd_12990915"
2742700,"nhd_2260889"
2482600,NA
2486500,"nhd_1849447"
2754600,"nhd_1816293"
2431300,"nhd_13117576"
2495600,"nhd_2261023"
2311100,"nhd_13343260"
2501300,"nhd_1849607"
2489300,"nhd_13118624"
2479800,"nhd_1849739"
2897300,"nhd_1849521"
2303500,"nhd_13345288"
1871700,"nhd_13345562"
1631900,"nhd_13391511"
1859100,"nhd_13118746"
2335500,"nhd_13343540"
2336100,"nhd_13343464"
2327200,"nhd_13343592"
2406900,"nhd_13117630"
1569600,"nhd_13395173"
2111700,"nhd_13079011"
630800,"nhd_6842901"
2483100,"nhd_2644032"
2469800,"nhd_2267181"
1833100,"nhd_13078835"
1840100,"nhd_13078887"
608800,"nhd_6842795"
1882800,"nhd_13080617"
995000,"nhd_13395147"
1008200,"nhd_13395207"
977500,"nhd_13393897"
1610800,"nhd_13393943"
2685200,"nhd_2264087"
1612000,"nhd_13394359"
1613500,"nhd_13394459"
1588200,"nhd_13394453"
2381100,"nhd_13119644"
1588000,"nhd_13394367"
979200,"nhd_13394735"
2385100,NA
2107600,"nhd_13078371"
1581700,"nhd_13394743"
1586800,"nhd_13394501"
2488100,"nhd_2264807"
637800,NA
1018900,"nhd_13394981"
1547700,"nhd_13395361"
2627300,"nhd_2646348"
2621100,"nhd_2644338"
634300,"nhd_120052171"
1763000,"nhd_13131865"
1667400,NA
2165100,"nhd_13102539"
531300,NA
1005600,"nhd_13399177"
2478200,"nhd_2646486"
2079800,"nhd_13083895"
390600,"nhd_9026337"
465600,NA
981500,"nhd_14726264"
182200,"nhd_9026511"
391400,"nhd_9028447"
384500,NA
2079700,"nhd_13083933"
427500,"nhd_6808056"
371900,NA
417400,"nhd_6808194"
533300,"nhd_6819638"
353200,"nhd_9026691"
1764000,"nhd_13131941"
451000,"nhd_6810876"
454200,"nhd_6810864"
324000,"nhd_9029757"
312600,"nhd_9032369"
339600,"nhd_9029669"
329900,"nhd_9029707"
325300,NA
337600,"nhd_9029045"
315000,NA
187300,"nhd_9026747"
446700,"nhd_6808828"
732300,NA
94700,"nhd_13063019"
1410400,"nhd_167120891"
1412200,"nhd_14730210"
2184900,"nhd_13124080"
2054200,NA
284300,"nhd_120053487"
994900,"nhd_14704086"
267800,"nhd_9035799"
277600,"nhd_9035717"
258600,"nhd_9035957"
67200,"nhd_12173070"
105600,NA
190200,"nhd_9036221"
104800,"nhd_6864363"
195400,"nhd_9036259"
175700,"nhd_6866613"
43300,NA
106800,"nhd_6866363"
146100,"nhd_120052176"
54400,NA
1642700,NA
979000,"nhd_13630667"
1283700,"nhd_13652630"
854300,"nhd_13290780"
854100,"nhd_13290764"
779200,"nhd_13290840"
1000700,"nhd_14708628"
1000700,"nhd_14708628"
44600,"nhd_12177402"
784350,NA
805000,"nhd_13293322"
1205000,"nhd_13634431"
1326600,"nhd_14707904"
756700,"nhd_14768024"
1609600,"nhd_13393943"
721200,NA
739100,"nhd_14783859"
2339800,"nhd_13343900"
1345700,"nhd_120052589"
2068000,"nhd_120053694"
2252200,"nhd_12991295"
2459800,"nhd_2264127"
2263400,"nhd_12991241"
2393200,"nhd_13121108"
1862200,"nhd_13121128"
1482400,"nhd_14726480"
2630700,"nhd_2644264"
1882300,"nhd_13078497"
1502400,NA
850300,"nhd_13290832"
2350400,"nhd_13124042"
2634400,NA
759800,"nhd_14767924"
2246500,"nhd_12991369"
2080000,"nhd_13081527"
2691500,"nhd_1850011"
1515400,"nhd_120052157"
245650,"nhd_9036279"
2071700,"nhd_13084263"
1322400,"nhd_14705706"
1330200,"nhd_14707344"
68100,"nhd_12173068"
1718500,"nhd_13135121"
1000700,NA
1242400,"nhd_13634413"
2160700,"nhd_13102701"
161600,"nhd_6864997"
2160700,"nhd_13102599"
2393500,"nhd_13121212"
1412200,"nhd_14730272"
262700,"nhd_9035983"
2152800,"nhd_13105755"
2405900,"nhd_13117806"
1632200,"nhd_13391627"
1841300,"nhd_13118896"
2332300,"nhd_13344198"
1623400,"nhd_13391833"
2748000,NA
2895700,NA
2756700,"nhd_1803631"
2733900,"nhd_1849409"
2916900,"nhd_1813677"
2899200,"nhd_1816333"
2754900,"nhd_1816531"
2750200,NA
2767800,"nhd_1816191"
2310800,"nhd_13343206"
2700200,"nhd_1849675"
2953100,"nhd_6792137"
2729700,"nhd_1849549"
2451700,"nhd_1849651"
2309700,"nhd_13343282"
2429300,"nhd_13117748"
1834500,"nhd_13117714"
2475000,"nhd_1852609"
1842400,"nhd_13344284"
2674000,"nhd_1855167"
2046300,"nhd_13393367"
1016800,"nhd_13393515"
2046600,"nhd_13120970"
983600,"nhd_13393549"
1599400,"nhd_13393725"
2323000,"nhd_13346614"
2279400,"nhd_13349384"
2498600,"nhd_1852741"
2261900,NA
1600000,"nhd_13396007"
2272600,"nhd_12988539"
2456100,"nhd_2264045"
990700,"nhd_13394267"
2646500,"nhd_2643626"
1980500,NA
1583000,"nhd_13394665"
1837200,NA
2244200,"nhd_12991537"
642100,"nhd_6842675"
1001300,"nhd_13394733"
1523600,"nhd_13394649"
1957600,NA
1580400,"nhd_13394777"
1538600,"nhd_13394115"
2542200,NA
2681600,NA
1882900,"nhd_13121154"
2277600,"nhd_13349624"
1580200,"nhd_13394777"
2105100,"nhd_13078811"
2238100,NA
2113000,"nhd_13078713"
1518200,"nhd_13395071"
500000,"nhd_6819500"
1466200,"nhd_14729130"
2472300,"nhd_2647116"
1483200,"nhd_14726508"
2616100,"nhd_13105149"
1942600,NA
2361900,"nhd_13121396"
1178000,"nhd_13395143"
502200,NA
396700,"nhd_9022747"
1555500,"nhd_13395379"
2621600,"nhd_2644332"
2457400,"nhd_2644282"
2097100,"nhd_13081129"
613300,"nhd_6819424"
610700,"nhd_6847749"
2096700,NA
2348700,"nhd_13124320"
2490400,"nhd_2647228"
531300,NA
2615100,"nhd_2647328"
198100,"nhd_9026587"
2151000,"nhd_13105759"
2485500,"nhd_2647788"
2858300,"nhd_1803593"
379100,NA
521400,"nhd_6819874"
418000,"nhd_6808506"
1766600,"nhd_13131991"
2152100,"nhd_13104051"
189500,"nhd_9029637"
299200,"nhd_9029899"
299100,"nhd_9029899"
414900,"nhd_6800754"
2133200,"nhd_13097764"
1403600,"nhd_14701884"
1410300,"nhd_167120891"
2599000,"nhd_2260853"
2470800,"nhd_2260749"
2770300,"nhd_1816245"
2742100,"nhd_2260935"
2901100,"nhd_1816151"
2501700,"nhd_2260791"
2770500,NA
2467100,"nhd_1852725"
1599600,"nhd_13396007"
1004500,"nhd_13393647"
1600200,"nhd_13396013"
1541500,"nhd_13393747"
2392000,"nhd_13121080"
2253400,"nhd_12991247"
672300,"nhd_6842425"
1016200,"nhd_13394025"
2459500,"nhd_2646378"
1555400,"nhd_13395373"
2211300,"nhd_12979571"
634300,"nhd_120052171"
2171000,"nhd_13104043"
2171600,"nhd_13103947"
458700,"nhd_6808690"
523300,"nhd_6819790"
326400,"nhd_9029805"
779500,"nhd_13296408"
277800,"nhd_9035765"
198000,"nhd_9035817"
1788300,"nhd_2731780"
40900,"nhd_12161342"
1286500,"nhd_13652604"
1286100,"nhd_13652612"
1641400,"nhd_13205684"
861900,"nhd_13289550"
742275,"nhd_14767182"
779300,"nhd_13294464"
406400,"nhd_120053482"
809800,"nhd_13291034"
6100,NA
881600,NA
777800,"nhd_13296526"
886000,"nhd_13424945"
1717700,"nhd_13135119"
1653500,"nhd_2454776"
1275500,"nhd_13653696"
1663400,NA
2502200,"nhd_2260735"
2310400,"nhd_13343156"
2934000,"nhd_1813891"
1880100,NA
2732200,"nhd_1849679"
2299900,"nhd_13345476"
2301800,"nhd_13345454"
2728700,"nhd_1849829"
2695800,"nhd_1849929"
1823500,NA
149800,"nhd_6866325"
1354300,"nhd_14705974"
46750,NA
751100,"nhd_14768008"
772000,"nhd_14767156"
778500,"nhd_13294534"
822200,"nhd_13294494"
820800,"nhd_13294582"
770500,"nhd_14767658"
818700,"nhd_13294716"
781250,"nhd_13294916"
349600,NA
2935600,"nhd_1813691"
2900200,"nhd_1816509"
2600800,"nhd_2261061"
2694000,"nhd_1849589"
2959700,"nhd_6792111"
2307300,"nhd_13343174"
2961600,"nhd_6792345"
1844300,"nhd_13345364"
2459700,"nhd_1849729"
2313100,"nhd_13345520"
1629500,"nhd_13391565"
1979100,NA
2491100,"nhd_2266577"
2387200,"nhd_13121252"
2650900,"nhd_2643660"
2461500,"nhd_2266663"
2651800,"nhd_2643642"
2496100,"nhd_2264295"
1611100,"nhd_13394263"
2453900,NA
2628800,"nhd_2646446"
2202600,"nhd_12980479"
2624200,"nhd_2646764"
2096700,"nhd_13081141"
2506400,NA
1374300,"nhd_14704124"
455300,"nhd_6808754"
518300,"nhd_6819970"
98600,"nhd_13062671"
306600,NA
2640700,"nhd_2644102"
632800,"nhd_6842811"
1520900,"nhd_13395163"
1560400,"nhd_13395439"
2104500,"nhd_13079127"
1304600,NA
856800,"nhd_13290678"
754400,"nhd_14767874"
748800,"nhd_14768002"
794200,"nhd_13294882"
757900,"nhd_14768000"
255000,"nhd_9036043"
191100,"nhd_9036137"
2691900,"nhd_1849951"
2688800,"nhd_2262401"
2460900,"nhd_1849873"
1843500,"nhd_13343956"
2316100,"nhd_13343730"
2480100,"nhd_13080215"
2674200,"nhd_1855083"
262400,"nhd_9035981"
803700,"nhd_120052351"
1343600,"nhd_14708526"
985000,"nhd_14704110"
989200,"nhd_13393939"
322800,"nhd_9029767"
1529700,"nhd_13394571"
2109600,"nhd_13078817"
1409100,"nhd_167120891"
2488300,"nhd_2647928"
2327500,"nhd_13343530"
2405100,NA
993300,"nhd_13391591"
2426100,"nhd_13117840"
2341500,"nhd_13343898"
2435700,"nhd_13118764"
2563300,NA
196100,"nhd_9036109"
1773300,NA
1012000,"nhd_14704108"
2471200,"nhd_2646880"
992400,"nhd_14726430"
1467100,"nhd_14729142"
1469100,"nhd_14729154"
530400,"nhd_6818338"
2200500,"nhd_12980643"
379300,"nhd_9026537"
1256500,"nhd_13631587"
294500,"nhd_9029909"
272900,"nhd_9033749"
198900,"nhd_9035919"
163400,NA
162500,"nhd_6864901"
160600,"nhd_6866601"
2499500,"nhd_2262769"
747900,"nhd_14768064"
758300,"nhd_14768018"
1610300,"nhd_13394249"
2054600,"nhd_13107547"
394400,"nhd_9022733"
1884800,"nhd_13078907"
177500,"nhd_6866507"
2486800,"nhd_2647482"
1437800,"nhd_14730086"
103900,"nhd_6864373"
763500,"nhd_14767802"
721400,NA
1670030,NA
2674500,NA
2267200,"nhd_12987561"
2675000,"nhd_2266031"
2454500,"nhd_2266085"
2674800,"nhd_2266141"
997600,"nhd_13391889"
2673500,"nhd_2265939"
738200,"nhd_14783899"
257700,"nhd_9033813"
103300,"nhd_6866479"
106600,"nhd_6866401"
104000,"nhd_6866553"
2664500,"nhd_2264635"
1587600,"nhd_13394591"
2116600,NA
1260600,"nhd_13631537"
833200,NA
828600,"nhd_13290742"
2743700,"nhd_2260885"
2489200,"nhd_2260895"
2743300,"nhd_2260893"
1176500,"nhd_13394965"
2490600,"nhd_2266985"
2113300,"nhd_13078315"
2904000,"nhd_1813383"
2903200,"nhd_1813379"
2089500,"nhd_13081151"
2764300,"nhd_1816069"
2099800,"nhd_13079041"
2737800,"nhd_2261047"
2349600,"nhd_13124046"
79800,"nhd_12174624"
1642400,"nhd_13206472"
2618000,"nhd_2646860"
1593100,"nhd_13391771"
2671200,"nhd_2265893"
2705700,"nhd_1851975"
2259400,"nhd_12990855"
2672100,"nhd_2265921"
2296500,"nhd_120053484"
1540400,"nhd_13393397"
2671000,"nhd_2265947"
2566400,NA
1855600,"nhd_13120946"
2046800,"nhd_13346714"
803400,"nhd_167120948"
1239400,"nhd_13634457"
903700,"nhd_13409634"
1004600,"nhd_13394913"
765800,"nhd_14767708"
741980,NA
647300,NA
38700,"nhd_12161108"
2624200,"nhd_2646764"
2184900,"nhd_13124080"
494800,"nhd_6808428"
2166100,"nhd_13102657"
489900,"nhd_6808372"
329600,"nhd_9029557"
240900,"nhd_9032395"
310100,"nhd_9032337"
848800,"nhd_13290818"
195100,"nhd_9032833"
1409400,"nhd_167120891"
190100,"nhd_9035845"
12370,NA
19900,NA
806500,"nhd_13293258"
32500,"nhd_12161150"
8300,"nhd_12161270"
778700,"nhd_13290914"
643800,"nhd_6842801"
703000,"nhd_6842347"
2619400,"nhd_2646644"
1849100,"nhd_13081323"
1322400,"nhd_14705718"
2768900,"nhd_1797487"
2916200,"nhd_1813673"
2904300,"nhd_1816149"
2308000,"nhd_13343108"
1886000,"nhd_12988303"
1606600,"nhd_6842323"
2480800,"nhd_2266269"
706100,"nhd_14445892"
2256800,"nhd_12990929"
585100,"nhd_6842371"
2254800,"nhd_12991283"
2382700,"nhd_13119476"
651600,"nhd_6842437"
1378100,NA
1301300,"nhd_14708556"
825000,"nhd_13294422"
810700,"nhd_13293298"
8600,NA
15500,"nhd_12164188"
2206300,"nhd_12980461"
1322400,NA
246900,"nhd_9036257"
117600,"nhd_6866313"
1278700,"nhd_13652172"
835100,"nhd_120053596"
779800,"nhd_13290942"
390,NA
826400,"nhd_13291066"
1722000,"nhd_13135123"
2866200,"nhd_1801939"
2767200,"nhd_1797395"
2838000,"nhd_1799783"
2769200,"nhd_1801875"
2744300,"nhd_2260937"
2832300,"nhd_1816247"
1545600,"nhd_13393577"
675100,"nhd_6842289"
2433900,"nhd_13120880"
2484200,"nhd_1852679"
998400,"nhd_13393555"
2260900,"nhd_12990963"
2495100,"nhd_2266151"
2451300,"nhd_13080293"
2268600,"nhd_12991001"
2394700,"nhd_13121134"
1603700,"nhd_13393753"
1873100,"nhd_13349570"
655300,"nhd_6842393"
1009100,"nhd_13395117"
1580100,"nhd_13394777"
1522400,"nhd_13395019"
617900,"nhd_6842959"
1519600,"nhd_13395257"
2104100,"nhd_13079151"
2630800,"nhd_2644234"
627200,"nhd_120052172"
515000,"nhd_120052159"
2600400,"nhd_2646570"
350200,NA
424200,"nhd_6808634"
100000,"nhd_13062951"
273200,"nhd_9035869"
264700,"nhd_9035987"
1782700,"nhd_2731800"
1598900,"nhd_13394253"
2533300,NA
1610600,"nhd_13393943"
1534800,"nhd_13394239"
93300,"nhd_13062485"
1558200,"nhd_13399227"
197700,"nhd_9026425"
388100,"nhd_9026435"
1514700,"nhd_12980555"
498800,"nhd_6819534"
519700,"nhd_6819976"
504300,"nhd_6819954"
2056600,"nhd_13107527"
276500,NA
263900,"nhd_9035999"
264100,"nhd_9036005"
835100,"nhd_120053596"
2956800,"nhd_6792377"
630400,NA
117100,"nhd_6866705"
2451100,"nhd_2266423"
466400,"nhd_6808160"
2420100,"nhd_13118694"
1304600,NA
1345700,"nhd_120052589"
1296000,"nhd_14708610"
1000700,"nhd_14708628"
793600,"nhd_13294910"
739400,"nhd_14767994"
77500,"nhd_12174540"
1000700,"nhd_14708626"
2491400,"nhd_2260809"
2754800,NA
2922700,"nhd_1813697"
2896600,"nhd_1816535"
2928400,"nhd_1813649"
2497100,"nhd_2260993"
2935300,"nhd_1813733"
2741700,"nhd_2260991"
2299200,"nhd_13345392"
2302400,"nhd_13345384"
2469000,"nhd_1849719"
2918200,"nhd_1813827"
2456600,NA
12050,NA
985100,"nhd_13631637"
778100,"nhd_13291002"
378400,"nhd_9026373"
504200,"nhd_6819422"
2503400,"nhd_2646680"
528500,"nhd_6819486"
1515200,"nhd_13400551"
422900,"nhd_6808054"
1445600,"nhd_14726284"
481700,"nhd_6808852"
446600,"nhd_6808842"
182000,"nhd_9029637"
1415100,"nhd_14732002"
2055200,"nhd_13105927"
591600,"nhd_6842629"
2107500,"nhd_13078415"
1304600,"nhd_14710220"
1575700,"nhd_13394785"
2234600,"nhd_12991497"
1984900,NA
408000,"nhd_9022603"
1839000,"nhd_13078255"
1884000,"nhd_13078431"
622800,"nhd_6842721"
979300,"nhd_13394831"
1006400,"nhd_13394947"
503200,NA
428100,"nhd_6808042"
2465600,"nhd_2646980"
1002300,"nhd_14726506"
1875900,"nhd_13124014"
192400,"nhd_9036065"
178700,"nhd_6866487"
1572500,"nhd_13394991"
2112800,"nhd_13078737"
2106200,"nhd_13078729"
2668200,"nhd_2267221"
1861400,"nhd_13079029"
1864000,"nhd_13078853"
808300,NA
760900,"nhd_14767820"
793600,"nhd_13294928"
740550,NA
1880700,"nhd_13343860"
1542600,"nhd_13394003"
743900,"nhd_14768086"
1542300,"nhd_13393881"
323800,"nhd_9029755"
1612300,"nhd_13393943"
1882400,"nhd_13078519"
1623700,"nhd_13391717"
862400,"nhd_13290580"
609200,NA
2683200,"nhd_2264245"
2436000,"nhd_13118750"
2465100,"nhd_13118668"
2964400,"nhd_11950261"
2691200,"nhd_1851693"
2429600,"nhd_13117708"
2495900,"nhd_2262475"
2327100,"nhd_13343604"
2572100,NA
2334400,"nhd_13343626"
2297000,"nhd_13345594"
2329300,"nhd_13343614"
2570340,NA
2464400,"nhd_2266593"
652200,"nhd_6842583"
982400,"nhd_13394509"
608400,"nhd_6842669"
545400,"nhd_6819514"
2616900,"nhd_2646936"
1488400,"nhd_14726340"
1008900,"nhd_14726496"
2624000,"nhd_2646976"
2623800,"nhd_2647054"
991200,NA
1448600,"nhd_14726384"
425600,"nhd_6808218"
496300,"nhd_6808166"
2339900,"nhd_13343954"
281900,"nhd_9032783"
1825100,"nhd_2113610"
168000,"nhd_6866497"
138000,"nhd_12009986"
37900,"nhd_12161178"
43700,"nhd_12161138"
2481500,"nhd_2644114"
2599400,"nhd_2267263"
2477100,"nhd_2644054"
2668600,"nhd_2267449"
2043500,"nhd_13078833"
617300,"nhd_6842831"
1577100,"nhd_13395285"
557100,"nhd_6817206"
2624600,"nhd_2646970"
540600,"nhd_6820636"
486400,"nhd_6808366"
425300,"nhd_6808442"
1481600,"nhd_14726662"
533800,"nhd_6819662"
10300,NA
732300,"nhd_13107555"
282800,"nhd_9032817"
182400,NA
251600,"nhd_9036175"
139900,"nhd_6863055"
42400,"nhd_12161232"
175700,"nhd_6866613"
1708600,NA
1378100,"nhd_14704058"
196700,"nhd_9036153"
1377900,"nhd_14704066"
2903600,"nhd_1816075"
2642000,"nhd_2643854"
2677200,"nhd_2266623"
2501000,"nhd_2644026"
2107700,"nhd_13078143"
653700,"nhd_6842477"
2400600,"nhd_120052452"
2468900,"nhd_2644030"
1441100,NA
2956700,"nhd_6792377"
272000,"nhd_9033795"
1874400,"nhd_13078847"
2667300,"nhd_2267247"
141400,"nhd_6864745"
487500,"nhd_6808236"
489700,"nhd_6808380"
1599400,"nhd_13393725"
2339100,"nhd_13343830"
262900,"nhd_9035997"
780400,"nhd_13296418"
2767100,"nhd_1797425"
2671900,"nhd_2262783"
2722400,"nhd_1850179"
2672500,"nhd_2262767"
2266800,"nhd_12987571"
2726000,"nhd_1850199"
2434800,"nhd_120053682"
2331600,"nhd_13343906"
2600300,"nhd_1850241"
2294900,"nhd_13345552"
1594000,"nhd_13393421"
2485600,"nhd_2647270"
991700,"nhd_13391867"
2322300,"nhd_13346562"
2320500,"nhd_13346562"
1620500,"nhd_13393417"
193800,"nhd_9032315"
187400,NA
421600,"nhd_6808422"
462300,"nhd_6808374"
1762700,"nhd_13131869"
2128100,"nhd_13097728"
107900,"nhd_6864383"
67400,"nhd_12173058"
107500,"nhd_6866345"
2098800,"nhd_13079171"
190900,"nhd_9026319"
585500,"nhd_6842997"
2631200,"nhd_167120756"
1012100,"nhd_120053486"
1516000,"nhd_120052157"
93500,"nhd_13062613"
524700,"nhd_6819756"
1879300,"nhd_13124322"
2195400,"nhd_12980725"
2468200,"nhd_2647642"
280400,"nhd_9033611"
988000,"nhd_13395401"
1566300,"nhd_13395505"
1841900,"nhd_13352074"
1579700,"nhd_13399119"
2478600,"nhd_2646420"
1867600,"nhd_13081043"
2620000,"nhd_2646540"
522400,"nhd_6819872"
424700,"nhd_6808700"
2171200,"nhd_13104013"
2681600,NA
181900,"nhd_9035803"
107400,NA
1666000,"nhd_2452938"
46700,NA
29000,NA
1000700,"nhd_14708626"
1246500,"nhd_13634461"
762400,"nhd_14767688"
740200,"nhd_14767830"
1322400,"nhd_14705712"
1322400,NA
253800,"nhd_9033853"
29700,"nhd_12161466"
837100,"nhd_13282356"
515800,NA
2340700,"nhd_13343982"
1840400,"nhd_12987579"
2749900,NA
2899000,NA
2755600,"nhd_1816177"
2732600,"nhd_1849501"
2918600,"nhd_1813827"
1868900,"nhd_13343298"
2712800,"nhd_1852919"
2649500,"nhd_2643622"
2243500,"nhd_12991307"
2273900,NA
650000,"nhd_6842611"
2502000,"nhd_2264213"
1543300,"nhd_13394221"
652500,"nhd_6842607"
1535000,"nhd_13394339"
1506200,"nhd_14726112"
387200,"nhd_9028333"
191900,"nhd_9026349"
2495000,"nhd_2646804"
587800,"nhd_6847715"
1513000,"nhd_13400551"
2079100,"nhd_13083971"
994800,"nhd_13630673"
1267400,"nhd_120052474"
1226100,"nhd_13634341"
741700,"nhd_14767902"
816600,"nhd_13294782"
1336200,"nhd_14705806"
66800,"nhd_12173086"
179800,"nhd_6866693"
2468300,"nhd_1849619"
2449300,"nhd_1849627"
2294500,"nhd_13345374"
2326700,"nhd_13343450"
2406500,"nhd_13117646"
1005700,"nhd_13391555"
2423900,"nhd_13118656"
2486300,"nhd_2262491"
2313600,"nhd_13345510"
2495200,"nhd_2262413"
1838600,"nhd_13117650"
2338800,"nhd_13343568"
2328800,"nhd_13343614"
2533000,"nhd_13078037"
972000,"nhd_13394319"
1612100,"nhd_13394403"
2275300,"nhd_13349678"
400,"nhd_12168905"
1838500,"nhd_13123948"
1445500,"nhd_14726320"
384700,NA
1017400,"nhd_14726194"
967200,"nhd_14726248"
2452200,"nhd_2646814"
2626300,NA
999700,"nhd_14726360"
2607600,"nhd_13105365"
1412200,"nhd_14730296"
261200,"nhd_9035981"
265100,"nhd_9035945"
85400,"nhd_12172944"
1717300,"nhd_13134961"
265500,"nhd_9035945"
146100,"nhd_6864789"
117500,"nhd_6866485"
103400,"nhd_6866429"
2649800,"nhd_2643664"
2914800,"nhd_1813639"
1447200,"nhd_14726528"
2314100,"nhd_13345478"
1856400,"nhd_13343336"
2492800,"nhd_1849755"
2300600,"nhd_13345458"
2343600,"nhd_13343496"
2705000,"nhd_1849765"
2452300,"nhd_2262477"
1630600,"nhd_13391483"
2336800,"nhd_13343420"
1832200,"nhd_13343414"
2488200,"nhd_1851893"
2340100,"nhd_13344026"
2416900,"nhd_13118830"
2453300,"nhd_1850075"
1513800,"nhd_14729114"
1010100,"nhd_14726518"
2201000,NA
1836700,"nhd_13352138"
2650300,"nhd_2643738"
724600,"nhd_13209682"
724000,NA
2081200,"nhd_13080639"
1555900,"nhd_13399045"
305500,"nhd_9029847"
1434900,"nhd_14731992"
1335500,"nhd_14705842"
131100,"nhd_120052443"
459900,"nhd_6808562"
1437500,"nhd_14730086"
1246300,"nhd_13634447"
2668100,"nhd_2267225"
480100,"nhd_6807690"
490100,"nhd_6808348"
456765,"nhd_6808544"
2423000,"nhd_13118768"
1602300,"nhd_120053667"
2674500,NA
985900,"nhd_13391779"
1176400,"nhd_13393361"
2493100,"nhd_1855223"
1847000,"nhd_13078543"
1848400,"nhd_13078727"
1571300,"nhd_13394961"
501800,"nhd_6816862"
2239300,"nhd_12991627"
968100,"nhd_13394773"
1855800,"nhd_13121364"
1835000,"nhd_13078681"
2240100,"nhd_12991623"
406400,NA
1564200,"nhd_13395159"
540600,"nhd_6820636"
993800,"nhd_14726592"
461300,"nhd_6808400"
2311700,"nhd_13343156"
2673600,"nhd_2265939"
2462200,"nhd_2260719"
2463300,"nhd_2260815"
2750200,NA
2125400,"nhd_13105849"
830800,"nhd_13282794"
873900,NA
1204030,NA
7100,"nhd_12169509"
763200,"nhd_14767684"
165700,"nhd_6866405"
166700,"nhd_6866415"
104300,"nhd_6866619"
171000,"nhd_6866591"
175700,NA
25600,"nhd_12162850"
743000,"nhd_14768096"
2098000,"nhd_13081091"
1378100,"nhd_14704058"
2474400,"nhd_2267029"
970000,"nhd_13394205"
2486200,"nhd_2644044"
973000,"nhd_13394119"
766600,"nhd_14767784"
426200,"nhd_6808058"
449300,NA
2728900,"nhd_1849889"
265400,"nhd_9035945"
265200,"nhd_9035945"
969300,"nhd_13394219"
1528300,"nhd_13394473"
146100,"nhd_120052176"
1518700,"nhd_13394957"
835100,"nhd_13281386"
702800,"nhd_6842347"
2227500,NA
2399700,"nhd_13120880"
2267000,"nhd_12987583"
1881900,"nhd_13344210"
2266900,"nhd_12987557"
2670700,"nhd_120053127"
2401300,"nhd_13119274"
2673300,NA
1592400,"nhd_120052559"
2451900,"nhd_1852643"
2415800,"nhd_13120838"
1601300,"nhd_13393431"
2709800,"nhd_1852687"
2046500,"nhd_13121370"
2641000,"nhd_2644088"
988200,"nhd_13395085"
977100,"nhd_13395165"
2518800,NA
2200400,"nhd_12980631"
426100,"nhd_6808106"
2172600,"nhd_13103871"
1764500,"nhd_13131903"
418700,"nhd_6808248"
769750,NA
1835700,"nhd_13121060"
1858200,"nhd_13080589"
2436800,"nhd_13120880"
2449400,"nhd_2644196"
2903100,"nhd_1813379"
1753300,"nhd_13132689"
1406300,"nhd_14701628"
1620000,NA
2265900,"nhd_12990849"
2256800,"nhd_12990929"
2711800,NA
1870100,"nhd_12990923"
1866400,"nhd_13349408"
1593800,"nhd_13393533"
607500,"nhd_6842385"
2500100,"nhd_1852711"
706000,"nhd_14445878"
583700,"nhd_6842821"
2105800,"nhd_13078839"
2210900,"nhd_12979511"
1572000,"nhd_13395039"
2193900,"nhd_12980685"
348700,"nhd_9026661"
1615900,"nhd_13394797"
1533200,"nhd_13394577"
1015100,"nhd_13394511"
2114300,"nhd_13078575"
1861900,"nhd_13078697"
1865400,"nhd_13078707"
200300,"nhd_9035729"
67100,NA
107700,"nhd_6866683"
835800,"nhd_13281252"
1885700,NA
2351400,"nhd_13124170"
1590400,"nhd_13393863"
2765900,"nhd_120053691"
2669300,"nhd_2267429"
2176200,"nhd_13103901"
1878800,"nhd_13124016"
1333900,"nhd_14705866"
1717300,"nhd_13134967"
2876200,"nhd_1797513"
2754300,NA
2832900,"nhd_1816241"
2899400,"nhd_1816379"
2935500,"nhd_1813701"
2479000,"nhd_2260759"
2747700,NA
1008700,"nhd_13393581"
2268200,"nhd_12991075"
1835500,"nhd_12988315"
1603600,"nhd_13393655"
974200,"nhd_13393935"
2598600,"nhd_2266553"
1610700,"nhd_13393943"
2081700,"nhd_13080623"
2104300,"nhd_13079055"
2098200,"nhd_13079193"
552100,"nhd_6817254"
1005200,NA
1322400,NA
2181400,NA
421800,"nhd_6808502"
184300,"nhd_9026651"
2741600,"nhd_2260969"
742245,NA
767400,"nhd_14767716"
828000,"nhd_13290910"
742210,NA
1322400,"nhd_14705700"
2767300,"nhd_1813593"
2743600,"nhd_2260889"
2964000,"nhd_11949795"
2944800,"nhd_1813751"
2734500,"nhd_1849473"
2381900,"nhd_13119508"
1862400,"nhd_13121114"
1884100,"nhd_13121114"
651300,"nhd_6842501"
1605200,"nhd_13393859"
587400,"nhd_6842439"
1589100,"nhd_13394155"
2713900,NA
1982400,"nhd_13078117"
2543100,NA
1249800,NA
804000,"nhd_120052351"
830700,"nhd_13282702"
2775200,NA
2866000,"nhd_1797623"
2456500,NA
2921100,"nhd_1813609"
2485000,"nhd_2260783"
2917900,NA
1018200,"nhd_13393611"
2046700,"nhd_12991121"
672000,"nhd_6842451"
2717100,NA
701900,"nhd_6842369"
591700,"nhd_6842479"
2677400,NA
2480200,NA
1611700,"nhd_13393943"
555700,"nhd_6817164"
1564600,"nhd_13395421"
1579900,"nhd_120052161"
1841500,"nhd_13080713"
462520,"nhd_6808620"
519500,"nhd_6819964"
300900,"nhd_9029843"
102900,"nhd_6864397"
104600,"nhd_6864417"
858300,"nhd_13290674"
767100,"nhd_14767828"
815200,"nhd_13294682"
336400,"nhd_9029059"
2607100,"nhd_2651308"
192500,"nhd_9029063"
183000,"nhd_9035707"
265600,"nhd_9035945"
1000700,NA
809600,"nhd_120052446"
741600,"nhd_14767942"
768600,"nhd_14767720"
740000,"nhd_14783851"
330,NA
1242400,"nhd_13634413"
746000,"nhd_120052743"
2489100,"nhd_1849731"
2044800,"nhd_13117614"
1864800,"nhd_13345440"
2962900,"nhd_11950087"
2731800,"nhd_1849655"
2964100,"nhd_11949795"
2298600,"nhd_13345524"
1857400,"nhd_13343526"
2955900,"nhd_6792583"
1981200,NA
1612900,"nhd_13393943"
1844000,"nhd_13078193"
2714700,"nhd_2264173"
2474800,"nhd_2264305"
1007500,"nhd_13394385"
986600,"nhd_13394479"
1851900,"nhd_13078327"
2685000,"nhd_2264605"
2461200,"nhd_2643712"
1985200,NA
389300,"nhd_9026391"
2103200,"nhd_13081037"
191400,"nhd_9028519"
968200,"nhd_14726180"
502300,"nhd_6819538"
384400,NA
1023000,"nhd_14726282"
704200,"nhd_14445916"
2693800,"nhd_1849721"
1626200,"nhd_13391661"
478200,"nhd_6807856"
499000,"nhd_6819686"
515100,"nhd_6819818"
2956500,"nhd_6792133"
2290500,NA
1412700,"nhd_14730272"
2773200,"nhd_1813363"
2901700,"nhd_1816107"
1837100,"nhd_13345580"
987100,"nhd_14701820"
259600,"nhd_9036035"
1378100,"nhd_14704052"
149800,"nhd_6866325"
59300,"nhd_12176188"
2470000,"nhd_1850033"
2147200,"nhd_13096318"
181500,"nhd_9032271"
1717300,"nhd_13134959"
250000,"nhd_9036185"
2307600,"nhd_13343086"
744200,"nhd_14768066"
747300,"nhd_14768084"
1377100,"nhd_120052587"
2631600,"nhd_2646330"
1378100,"nhd_14704058"
1378100,"nhd_14704058"
447000,"nhd_6808826"
296300,NA
264900,"nhd_9035945"
1322400,"nhd_14705716"
25100,"nhd_12162896"
750300,"nhd_14767930"
2271600,"nhd_167120812"
2264200,"nhd_12990939"
1592000,"nhd_13393661"
743600,"nhd_14768080"
2762700,"nhd_1797479"
2858100,"nhd_1803579"
192900,"nhd_9029683"
95700,"nhd_13062989"
1865200,"nhd_13117756"
2425700,"nhd_13117800"
2298500,"nhd_13345498"
2340900,"nhd_13343976"
2341200,"nhd_13343806"
988800,"nhd_13394503"
2373300,NA
2665900,"nhd_2267065"
1573800,"nhd_13394953"
2189200,"nhd_12980661"
2197600,"nhd_12980639"
2615900,"nhd_13105149"
2615400,"nhd_2647170"
466800,"nhd_6808090"
187700,"nhd_9029065"
2174700,"nhd_13104083"
1621000,"nhd_13391805"
1701800,"nhd_13135399"
87300,NA
742230,NA
2635900,"nhd_2643966"
2338300,"nhd_13343660"
2403200,"nhd_13119266"
418300,"nhd_6810874"
289400,"nhd_9032625"
199700,"nhd_9032807"
278800,"nhd_9032825"
192300,"nhd_9036049"
1315000,"nhd_14705926"
2397400,NA
2329400,"nhd_13343686"
293300,"nhd_9029969"
2433600,"nhd_13120904"
2740900,"nhd_2261021"
2963800,"nhd_11949795"
2881200,"nhd_1797361"
101700,"nhd_6866477"
155570,"nhd_6866417"
103600,"nhd_6866481"
38200,"nhd_12161226"
42200,"nhd_12161246"
1006500,"nhd_13631635"
2094000,"nhd_13081151"
2902900,"nhd_120052408"
2399700,"nhd_13120880"
1612500,"nhd_13393943"
2329800,NA
2472500,NA
2267100,"nhd_12987583"
2395500,"nhd_13120868"
2453500,"nhd_2266007"
2321100,"nhd_13344186"
2489000,"nhd_1852513"
2709100,"nhd_1852669"
2269900,"nhd_12988155"
1540300,"nhd_13393467"
2673200,"nhd_2265985"
2401100,"nhd_13119334"
2677700,"nhd_2266267"
972100,"nhd_13393625"
839100,"nhd_13284384"
2374600,"nhd_13121372"
1569900,"nhd_13395097"
1023100,"nhd_13395027"
581400,"nhd_6817056"
2627800,"nhd_2643994"
630100,NA
1564400,"nhd_13395391"
420400,"nhd_6808252"
740600,"nhd_14767210"
197300,"nhd_9036213"
1378100,NA
1322400,"nhd_14705708"
108000,NA
278600,"nhd_9032837"
245800,"nhd_9036267"
159900,"nhd_6866565"
107700,"nhd_6866687"
802000,NA
930700,"nhd_13411474"
200,NA
1322400,NA
1735000,"nhd_13134973"
283600,"nhd_9030051"
1713200,"nhd_13134693"
68300,"nhd_12174574"
245600,NA
58900,"nhd_12176178"
158700,"nhd_6866527"
241100,"nhd_9035993"
1391200,"nhd_14703982"
1667600,NA
60800,"nhd_12176166"
28100,"nhd_12162796"
759000,"nhd_14767918"
761700,"nhd_14767798"
879400,"nhd_13424979"
750800,"nhd_14767980"
816000,"nhd_13294688"
738400,"nhd_14783893"
2426600,"nhd_13117684"
2334900,"nhd_13343428"
1861100,"nhd_13117740"
1844100,"nhd_13345576"
1875200,"nhd_13117752"
1861100,"nhd_13117718"
1856100,"nhd_13343876"
2728400,NA
2338100,"nhd_13343684"
2435800,"nhd_13118764"
2494500,"nhd_1850109"
2334300,"nhd_13343686"
1571800,"nhd_13394765"
1885300,"nhd_13078321"
501900,"nhd_6816856"
2275100,"nhd_13349716"
1527800,"nhd_13394447"
1871900,"nhd_13078253"
1586600,"nhd_13394539"
1880200,"nhd_13078261"
755800,"nhd_14767870"
2902800,"nhd_120052408"
1871800,"nhd_13343634"
417700,"nhd_6808552"
1848100,NA
2638700,"nhd_2643810"
2204000,"nhd_12980561"
345100,"nhd_9029605"
1753500,"nhd_13132685"
1628450,"nhd_13391595"
270200,"nhd_9032697"
1712800,"nhd_13132871"
161100,"nhd_6866589"
2336700,"nhd_13343420"
2329000,"nhd_13343536"
2045600,"nhd_13345482"
2428900,"nhd_13117656"
2481600,"nhd_1850151"
1020300,"nhd_13391721"
1844700,"nhd_13344034"
2674100,"nhd_1855081"
1003000,"nhd_13391823"
2706300,"nhd_1855143"
1875300,NA
2245100,"nhd_12991513"
639800,"nhd_6840649"
439800,"nhd_6808108"
989500,NA
1467800,"nhd_14729168"
1021100,"nhd_14726396"
540600,"nhd_6820636"
2349700,"nhd_13124046"
1000100,"nhd_14729152"
1408800,"nhd_14701258"
2721600,"nhd_1850253"
2719400,"nhd_1850277"
255300,"nhd_9036051"
1030400,NA
139300,"nhd_12009942"
740800,"nhd_14767114"
838300,"nhd_13284380"
807400,NA
1609100,"nhd_13393943"
1389800,"nhd_14703994"
2272000,"nhd_12988617"
2903800,"nhd_1813379"
2759600,"nhd_1813391"
2450900,"nhd_2266645"
2657200,"nhd_2266671"
2396900,"nhd_13121022"
104800,"nhd_6864363"
1678200,"nhd_13138501"
117400,"nhd_6864403"
1593200,"nhd_13391743"
2330800,"nhd_13343914"
2436400,"nhd_13118892"
2710800,"nhd_1850235"
1592700,"nhd_13391815"
1621800,"nhd_13391805"
2434700,"nhd_120053682"
2475300,"nhd_1855123"
1847800,"nhd_13346492"
2017500,NA
2458900,"nhd_2267435"
702500,"nhd_6842347"
2169200,"nhd_13124182"
1764400,"nhd_14729246"
188700,"nhd_9026583"
494200,"nhd_6808414"
2454400,"nhd_2647286"
1854400,"nhd_13124278"
2346000,"nhd_13124166"
2499000,"nhd_2647474"
497000,"nhd_6808264"
2882200,"nhd_1797365"
2772800,"nhd_1801907"
2858000,"nhd_1803623"
2487100,"nhd_2260757"
2495300,"nhd_2260761"
2898200,"nhd_1816257"
565500,"nhd_6816892"
516800,NA
1882500,"nhd_13078533"
56600,"nhd_12175160"
2109800,"nhd_13078817"
1245800,"nhd_13634451"
647500,NA
859900,"nhd_13290632"
2217000,"nhd_12979423"
1369900,NA
1516500,NA
761100,"nhd_14767794"
2954800,"nhd_6792027"
1013500,"nhd_13393359"
2496900,"nhd_1852475"
2332000,"nhd_13346476"
2470600,"nhd_1852599"
2553000,NA
1619700,"nhd_13393429"
1592500,"nhd_13393349"
2452600,"nhd_1852579"
2266100,"nhd_12990885"
2706500,"nhd_1855289"
1839100,"nhd_13346456"
2464500,"nhd_1855171"
692700,"nhd_6842251"
1000000,"nhd_13393553"
1861300,NA
692600,"nhd_6842255"
2289000,NA
2279800,"nhd_13349370"
2475700,"nhd_1855509"
1572200,"nhd_13394953"
1571100,"nhd_13395039"
1010800,"nhd_13395103"
1859400,"nhd_12991823"
2080000,NA
997300,"nhd_14725496"
498900,"nhd_6819664"
1863000,"nhd_13124204"
2195300,"nhd_12980723"
325400,"nhd_9029771"
1670830,NA
2898500,"nhd_1816277"
2494900,"nhd_2260791"
2750200,NA
2857700,"nhd_1803771"
2954500,"nhd_6792411"
2936800,"nhd_1813875"
2734100,"nhd_1849481"
2300900,NA
2503500,"nhd_1849643"
2936200,"nhd_1813947"
824400,"nhd_13294418"
2094600,"nhd_13081183"
1760000,"nhd_13131955"
1494600,"nhd_14726654"
1220200,"nhd_13634379"
2149900,"nhd_13134581"
2744500,"nhd_2260879"
672900,"nhd_6842339"
2662400,"nhd_2266673"
246500,"nhd_9036249"
396500,"nhd_9022741"
634300,"nhd_120052171"
242800,"nhd_9033933"
2068000,"nhd_120053694"
2088000,"nhd_13081465"
804600,"nhd_120052351"
262800,"nhd_9035997"
1848900,"nhd_13346470"
2322500,"nhd_13346652"
2320800,"nhd_13344200"
2458800,"nhd_1855281"
2706800,"nhd_1855411"
2448000,"nhd_13121014"
2324000,"nhd_13346740"
702200,"nhd_6842347"
1596600,"nhd_13393521"
2458300,"nhd_2266227"
2715900,"nhd_1852695"
2450100,"nhd_2266165"
2261700,NA
1600300,"nhd_13396013"
2451200,"nhd_2266407"
2448800,"nhd_13121122"
1605600,"nhd_13394067"
617000,"nhd_6842927"
1577000,"nhd_13395305"
1833000,"nhd_13121478"
2100300,"nhd_13079093"
2620600,"nhd_2646368"
634500,NA
2368700,"nhd_13121446"
1667800,"nhd_13131937"
1763900,"nhd_13131943"
523000,"nhd_6819810"
2178400,"nhd_13104005"
2502800,"nhd_2647588"
523500,NA
2072600,"nhd_13084143"
1427400,"nhd_14730156"
1405200,"nhd_14701714"
315600,"nhd_9033815"
2205600,"nhd_12980487"
2880300,"nhd_1797377"
2860400,NA
2865000,"nhd_166766569"
2448700,"nhd_13120972"
2654500,"nhd_2266091"
1856700,"nhd_13121012"
2709400,"nhd_1852727"
677100,"nhd_6842429"
675800,"nhd_6842443"
1851400,"nhd_12991193"
2677900,"nhd_2268385"
2390500,"nhd_13121056"
2286900,"nhd_13349600"
129800,"nhd_120052443"
362500,NA
2614600,NA
2461600,"nhd_2648012"
1412200,"nhd_14731996"
1427400,"nhd_14730156"
1597600,"nhd_13394241"
1794700,NA
2756200,"nhd_1797409"
181700,"nhd_9032359"
862200,NA
2714500,"nhd_1853025"
2475100,NA
1881500,"nhd_13121180"
1980600,NA
1000700,NA
1252300,NA
340,NA
77600,"nhd_12174538"
22100,"nhd_12162904"
2485700,"nhd_2644204"
990100,"nhd_13395353"
200100,"nhd_166766632"
1179400,"nhd_13394407"
2394100,"nhd_13121246"
2277200,"nhd_13349608"
2459100,"nhd_2266625"
503300,"nhd_6816830"
399200,"nhd_9028145"
995300,"nhd_13398997"
1558400,"nhd_13399225"
2629300,"nhd_2646510"
1451700,"nhd_14726286"
545400,"nhd_6819514"
388500,"nhd_9026429"
373500,"nhd_9026471"
398600,"nhd_9028505"
455400,"nhd_6808742"
2174700,"nhd_13104083"
1177600,"nhd_14701794"
240800,"nhd_9029911"
2917200,"nhd_1813681"
2750200,NA
2770700,"nhd_1816203"
2762000,"nhd_1816211"
2949200,"nhd_1813727"
1831700,"nhd_13343204"
2302300,"nhd_13345384"
2484600,"nhd_1849489"
2953800,"nhd_6792319"
2306300,"nhd_13345378"
2958500,"nhd_6791805"
2468000,"nhd_1849635"
2489300,"nhd_1816669"
2599800,"nhd_2261019"
2460000,"nhd_1849601"
2497000,"nhd_1849917"
2426400,"nhd_13117734"
1837700,"nhd_13117674"
1630100,"nhd_13391477"
996100,"nhd_13394369"
591800,"nhd_6842593"
1852500,"nhd_13078113"
1877000,"nhd_13078251"
587900,"nhd_6847713"
540600,"nhd_6820636"
1878200,"nhd_13124004"
2619100,"nhd_2646734"
1005900,NA
1855100,"nhd_13104079"
443500,"nhd_120052162"
995200,"nhd_13343992"
2670600,"nhd_120053127"
591300,"nhd_14443274"
2321400,"nhd_13344050"
2433100,"nhd_13118880"
2493700,"nhd_2265933"
2724900,"nhd_1852547"
1009900,"nhd_13393383"
2674500,NA
2485400,"nhd_1855239"
1840800,"nhd_13120918"
2433800,"nhd_13120876"
1523500,"nhd_13394761"
2378200,"nhd_13121376"
1572300,"nhd_13394953"
1858100,"nhd_13078895"
1377100,"nhd_120052587"
1009500,"nhd_14726374"
1443900,NA
2201400,NA
1466600,"nhd_14729148"
417900,"nhd_6808210"
2352500,"nhd_13124180"
2489800,"nhd_2647462"
533300,"nhd_6819638"
1018300,"nhd_13390399"
1516400,"nhd_13395257"
2150200,"nhd_13105805"
279300,"nhd_9032773"
499200,"nhd_6842851"
1000800,"nhd_14704072"
184100,"nhd_9036069"
106500,"nhd_6866503"
38500,NA
42800,"nhd_12161136"
168300,"nhd_6866533"
102000,"nhd_6866539"
448200,NA
742250,"nhd_14767604"
2459400,"nhd_1849821"
2490500,"nhd_2644256"
702400,"nhd_6842347"
2754400,"nhd_1797457"
2771200,"nhd_1816095"
2894200,"nhd_1813495"
2832400,"nhd_1797511"
1013200,"nhd_13393667"
2655300,"nhd_2266531"
2466400,"nhd_2264051"
2466400,"nhd_2264061"
186400,"nhd_9036139"
189600,"nhd_9036197"
248300,"nhd_9036241"
102600,"nhd_6866511"
8000,"nhd_12161256"
2306200,"nhd_13345290"
778400,"nhd_13290834"
2489700,"nhd_2647974"
2755200,"nhd_1813407"
2638400,"nhd_2643856"
2390800,"nhd_13120978"
2643500,"nhd_13080361"
2332700,"nhd_13344132"
1516500,"nhd_13395257"
1516500,NA
2152600,NA
2287200,NA
2882300,"nhd_1797367"
2775700,"nhd_1797469"
2764000,"nhd_1797399"
2762400,"nhd_1816073"
2415300,NA
679900,"nhd_6842313"
2268100,"nhd_12991093"
1603800,"nhd_13393737"
1022900,"nhd_13393567"
968800,"nhd_13393597"
2675200,"nhd_2266141"
14400,"nhd_12162314"
2742500,"nhd_2260921"
1590000,"nhd_13394109"
1013000,"nhd_13395181"
635100,"nhd_6840783"
1835100,"nhd_13079049"
2450800,"nhd_2267437"
1176700,"nhd_13395267"
2627400,"nhd_2644214"
2230100,"nhd_13350068"
2081200,"nhd_13080711"
2623600,NA
525900,"nhd_6818344"
427900,"nhd_6808430"
533600,"nhd_6819690"
894700,"nhd_13409672"
2143900,"nhd_13096378"
1403200,NA
1396900,NA
1727200,"nhd_13134733"
82900,"nhd_12172926"
1711500,"nhd_13134701"
273800,"nhd_9035767"
1490300,"nhd_14726148"
2633700,"nhd_2646850"
417300,"nhd_9026497"
474900,"nhd_6808028"
161900,"nhd_120052444"
1280400,"nhd_13652598"
30300,"nhd_12160852"
827500,"nhd_13290922"
9700,NA
1717100,NA
1701400,"nhd_13135345"
84600,"nhd_12172970"
2630200,"nhd_2646522"
1649300,"nhd_2453852"
1660800,NA
2680300,NA
1587400,"nhd_13394451"
1543900,"nhd_13394077"
971600,"nhd_13394347"
2243800,"nhd_12991565"
741800,"nhd_14767814"
1694700,NA
196900,NA
101300,"nhd_6864295"
58000,"nhd_12175102"
64200,"nhd_12175128"
1649400,"nhd_2453854"
37800,"nhd_12161196"
11900,"nhd_12161254"
1285800,"nhd_13652618"
46800,"nhd_12177356"
1269100,"nhd_13630663"
1849500,"nhd_13345560"
10500,NA
826300,"nhd_13294408"
2749700,NA
2898400,"nhd_1816233"
2492900,"nhd_2260857"
2465700,"nhd_2260763"
2472900,"nhd_1849453"
2687500,"nhd_2262233"
2309000,"nhd_13343264"
2328700,"nhd_13343310"
2729800,"nhd_1849549"
677400,"nhd_6842491"
1589300,"nhd_13394023"
679300,"nhd_6842481"
592200,"nhd_6842455"
2655900,"nhd_2266585"
1595600,"nhd_13394311"
2109300,"nhd_13078057"
1845400,"nhd_12991405"
46600,NA
1306000,"nhd_14710186"
2246600,"nhd_12991327"
1807570,NA
105800,"nhd_6864321"
182100,"nhd_9036217"
248300,NA
763600,"nhd_14767802"
294900,"nhd_9029937"
147600,NA
2327300,"nhd_13343586"
2335300,"nhd_13343360"
1886700,NA
2488700,"nhd_1849837"
1000400,"nhd_13391741"
1884200,"nhd_13343800"
1865400,"nhd_13078677"
1178600,"nhd_13394895"
1017800,"nhd_13394893"
1518800,NA
1880600,"nhd_13080527"
114400,NA
36700,"nhd_12162786"
1559200,"nhd_13395457"
2218800,"nhd_12979627"
2090900,"nhd_13081105"
1010600,"nhd_13399145"
190500,"nhd_9026419"
549400,"nhd_6819390"
2206200,NA
1332700,"nhd_14705834"
155300,"nhd_6866469"
504700,NA
180000,"nhd_6866709"
2934800,"nhd_1813791"
2429000,"nhd_13117606"
2936400,NA
1872400,"nhd_13118686"
2454700,NA
2704200,"nhd_1849955"
1842900,"nhd_13345650"
2340500,"nhd_13343968"
1623800,"nhd_13391717"
2497400,"nhd_1849997"
2237500,"nhd_12991541"
1177400,"nhd_13394535"
1985100,NA
1986000,NA
2463100,"nhd_2266809"
2482400,"nhd_2264719"
2239100,"nhd_12991573"
2935700,"nhd_1813715"
2755800,"nhd_1816159"
2900500,"nhd_1816161"
2462400,"nhd_2260825"
2755400,"nhd_1816195"
2915800,"nhd_1813635"
2931100,"nhd_1813675"
2962400,"nhd_11950001"
2953500,"nhd_6792409"
2730400,"nhd_1849497"
2768100,"nhd_6792189"
2299300,"nhd_13345370"
2953400,"nhd_6792393"
2607400,"nhd_2648062"
287200,"nhd_9032673"
299300,"nhd_9029899"
296100,"nhd_9029981"
195900,"nhd_9036011"
777500,"nhd_13294814"
740400,"nhd_14767842"
795100,"nhd_13294824"
774400,"nhd_13290844"
734700,"nhd_120052445"
1542400,"nhd_13393881"
1597800,"nhd_13394203"
1389800,"nhd_14703994"
1820900,"nhd_2113606"
609400,NA
2389400,"nhd_13078161"
2675700,"nhd_2266323"
1596300,"nhd_13393637"
2692900,"nhd_1849725"
2708800,NA
2488600,"nhd_1849735"
2471700,"nhd_2262723"
2420600,"nhd_167800984"
1013800,"nhd_13391819"
2332400,"nhd_13344056"
1619100,"nhd_13393453"
1861700,"nhd_13344264"
2495400,"nhd_2644116"
588200,"nhd_6842807"
633800,"nhd_6842767"
1833200,"nhd_13078909"
983500,"nhd_13395229"
168800,"nhd_6866495"
178000,"nhd_6866493"
46000,"nhd_12175156"
167000,"nhd_6866397"
164300,"nhd_6866461"
53300,NA
35730,NA
1591100,"nhd_13393595"
1532100,NA
1832800,"nhd_13081355"
322500,NA
2081200,"nhd_120053125"
1704100,"nhd_13135395"
2160700,"nhd_13102555"
2350200,"nhd_13124042"
2395600,"nhd_13118872"
743800,"nhd_14768090"
2696300,"nhd_1849991"
2470000,"nhd_1850039"
2751000,"nhd_2260877"
2740300,"nhd_2260997"
2656200,"nhd_2266571"
426700,NA
1727700,"nhd_13134705"
2661100,"nhd_2267269"
1642700,NA
830300,"nhd_13282704"
11700,NA
827300,"nhd_13290938"
9400,NA
778300,"nhd_13290992"
826800,"nhd_13290978"
1760300,"nhd_13131973"
1718500,"nhd_13135145"
1667700,"nhd_13135397"
68600,"nhd_12174532"
2758500,"nhd_1816221"
2772200,"nhd_1816231"
2908500,"nhd_1813543"
2468800,"nhd_2260869"
2841200,"nhd_1803831"
2935800,"nhd_1813711"
2743500,"nhd_2260889"
2755100,"nhd_1813573"
2754200,"nhd_1816209"
2938000,"nhd_1813737"
2309100,"nhd_13343240"
2730800,"nhd_1849621"
2268500,"nhd_12991001"
2283300,"nhd_13349262"
986000,"nhd_13393937"
1541100,"nhd_13393793"
1610400,"nhd_13393943"
2714200,"nhd_1853005"
1537800,"nhd_13393805"
2679200,NA
2282000,"nhd_12991333"
2664900,"nhd_2266741"
1854000,"nhd_13349592"
1612200,"nhd_13393943"
2046900,"nhd_13078207"
979100,"nhd_13395351"
378900,"nhd_9026369"
1557000,"nhd_13399183"
182900,"nhd_9026323"
499800,"nhd_6819368"
548700,"nhd_6819364"
2630100,"nhd_2646504"
2628600,"nhd_2646514"
990000,"nhd_14726152"
2139000,"nhd_13096412"
589400,"nhd_6842589"
265700,"nhd_9035945"
1352000,"nhd_14708476"
980900,"nhd_13653704"
479700,"nhd_6807812"
2478500,NA
491800,"nhd_6808572"
163970,"nhd_6866471"
2133200,"nhd_13097728"
149000,"nhd_6864431"
180300,"nhd_6866681"
857900,NA
2298800,"nhd_13345534"
2402100,"nhd_13119284"
1014000,"nhd_13393489"
741400,"nhd_14767826"
1707400,"nhd_13135239"
257300,NA
81200,"nhd_12174626"
742800,"nhd_120052610"
2945500,"nhd_1813717"
2494400,"nhd_1849685"
2492100,"nhd_1849757"
2406700,"nhd_13117692"
2458100,"nhd_1849767"
2766200,"nhd_11950551"
2334700,"nhd_13343454"
2328900,"nhd_13343614"
2702100,"nhd_1849851"
2325200,"nhd_13343562"
2453400,"nhd_2266639"
2457600,"nhd_2266707"
1001400,"nhd_13394377"
1883900,"nhd_13078189"
2242500,"nhd_12991467"
2492600,"nhd_2264797"
588100,"nhd_6842625"
1833300,"nhd_13078553"
1864600,"nhd_13078281"
1595300,"nhd_13393923"
2640500,"nhd_2643924"
1609900,"nhd_13394351"
1613000,"nhd_13394529"
2107100,"nhd_13078143"
2350600,"nhd_13124042"
2135600,"nhd_13097820"
1827300,"nhd_2113602"
732600,"nhd_13107553"
254900,"nhd_9036059"
470600,"nhd_6808078"
2616400,"nhd_2647022"
1487800,"nhd_14726412"
1486100,NA
466900,"nhd_6808090"
2497700,"nhd_2647186"
2624800,NA
1887500,"nhd_13124244"
2092700,"nhd_13124140"
978900,"nhd_13631631"
1219400,"nhd_13634387"
732600,"nhd_13107561"
2503400,"nhd_2646672"
2491000,"nhd_2646776"
2096700,NA
423700,"nhd_6808006"
1000900,"nhd_14726532"
2606300,"nhd_2648046"
184000,"nhd_9026743"
310500,"nhd_9032319"
838100,NA
264300,NA
195000,"nhd_9035959"
1322400,NA
35720,NA
2094100,"nhd_13081151"
1007200,"nhd_14726628"
1015200,"nhd_14726628"
500200,"nhd_6819698"
426400,"nhd_6808540"
1445100,"nhd_14726372"
2290100,NA
77300,"nhd_12174544"
728100,"nhd_13334984"
3000089,"nhd_13293280"
2743200,"nhd_2260893"
650200,NA
2496300,"nhd_2264553"
158700,"nhd_6866527"
2312100,"nhd_13343100"
1855900,"nhd_13343840"
1867000,"nhd_13345688"
2563000,NA
2395900,"nhd_13118910"
2435000,"nhd_13118836"
2014700,NA
1523000,"nhd_13394799"
1567325,NA
619800,"nhd_6842797"
2239400,"nhd_12991677"
2079400,"nhd_2646940"
2465800,"nhd_2646756"
2616000,"nhd_13105149"
419600,NA
2621900,"nhd_2647180"
2747300,"nhd_2260767"
2693100,"nhd_1849725"
1753500,"nhd_13134099"
97700,"nhd_13062917"
2237300,"nhd_12991861"
1191600,"nhd_13623747"
1658500,NA
849400,"nhd_13290870"
850800,"nhd_13290790"
775900,"nhd_13291006"
780650,NA
464700,"nhd_6808156"
530500,"nhd_6818330"
2500500,"nhd_2647214"
1389800,"nhd_14703994"
852400,"nhd_13290766"
146500,"nhd_6864861"
1652200,NA
835100,"nhd_13282364"
3000627,NA
702600,"nhd_6842347"
702700,"nhd_6842347"
2228700,"nhd_13352060"
1283700,"nhd_13652630"
849600,"nhd_13290898"
2942300,"nhd_1813525"
2876600,"nhd_1797555"
2761800,"nhd_1797437"
2876000,"nhd_1797473"
2775200,NA
1847500,"nhd_13346494"
2466500,"nhd_1855179"
1866100,"nhd_13344248"
2323800,"nhd_13346888"
2484400,"nhd_2266191"
1021800,"nhd_13393823"
1603400,"nhd_13396013"
1599800,"nhd_13393717"
1019500,"nhd_13395195"
1583500,"nhd_13395075"
117800,"nhd_12004517"
94200,"nhd_13063029"
94300,"nhd_13063031"
327800,"nhd_9029725"
1412200,"nhd_14731992"
189800,"nhd_9035735"
198800,"nhd_9035757"
1694200,NA
152200,"nhd_6864339"
1374800,"nhd_14704116"
1342100,"nhd_14710140"
827100,"nhd_13290958"
762900,NA
2479900,"nhd_2647250"
365500,"nhd_9026649"
1757200,"nhd_13132031"
64000,"nhd_12175084"
420600,"nhd_6810930"
279700,"nhd_9033701"
105200,"nhd_6864391"
1694700,NA
2173900,"nhd_13104105"
2703500,"nhd_1849941"
2477300,"nhd_2264815"
27500,"nhd_12162780"
843400,"nhd_13284124"
370,NA
740900,"nhd_14768052"
590900,NA
471200,"nhd_6808112"
2499900,"nhd_2646996"
465000,"nhd_6808064"
376900,"nhd_9026405"
1502400,NA
751400,"nhd_14767934"
1389800,"nhd_14703994"
1389800,"nhd_14703994"
45000,NA
2265100,"nhd_12987607"
479300,"nhd_6807740"
1544800,"nhd_13393821"
45200,"nhd_12176206"
2435900,"nhd_13118764"
2295200,"nhd_13345596"
2692200,"nhd_1850115"
1845600,"nhd_13343842"
2671400,"nhd_2262761"
1846700,"nhd_13344102"
2671100,"nhd_2265923"
2330300,"nhd_13344044"
2297800,"nhd_13345714"
2236800,"nhd_12991607"
985300,"nhd_13394965"
406900,"nhd_9022639"
2461300,"nhd_2267057"
975000,"nhd_13395043"
735100,"nhd_14783909"
2343200,"nhd_13343602"
467100,"nhd_6808088"
540600,"nhd_6820636"
2194600,"nhd_12980673"
486300,"nhd_6808368"
423400,NA
304600,NA
302300,"nhd_9029775"
1852000,"nhd_13120930"
794000,NA
350,NA
1396200,NA
766000,"nhd_14767736"
2941100,"nhd_1812717"
1030260,NA
1445400,"nhd_14726352"
724100,NA
1396900,NA
2725500,"nhd_1850255"
2712000,"nhd_1852673"
270700,NA
2288900,NA
270700,NA
2417000,"nhd_13118762"
2419000,"nhd_13118798"
2485900,"nhd_1850095"
2494700,"nhd_1851821"
2726100,"nhd_1850093"
1847900,"nhd_13118848"
1602600,"nhd_167120869"
2418600,"nhd_13118762"
1850200,"nhd_13117846"
995900,"nhd_13344082"
2121000,"nhd_13105843"
2664100,NA
2640100,"nhd_2643848"
2240000,"nhd_12991623"
1840100,"nhd_13078917"
2353600,"nhd_13124084"
328100,NA
717400,"nhd_120052561"
297100,"nhd_9029955"
1403200,"nhd_120052583"
182300,"nhd_9036103"
1378100,NA
470900,"nhd_6808092"
427300,"nhd_6808302"
139500,"nhd_12161112"
102800,"nhd_6866499"
8900,"nhd_12161210"
855200,"nhd_13290696"
981200,"nhd_13394213"
2243200,"nhd_12991379"
1982700,NA
278100,"nhd_9035705"
187500,NA
193100,"nhd_9033695"
276700,"nhd_9035819"
2079000,"nhd_13083967"
2157900,"nhd_13104085"
1506800,"nhd_13399099"
2608800,"nhd_2647680"
2399700,"nhd_13120880"
2761000,"nhd_1797379"
2673000,"nhd_2265943"
2270000,"nhd_12988029"
2471600,"nhd_2266053"
2459200,"nhd_2265995"
1862100,"nhd_13346458"
2395100,"nhd_13120882"
683000,"nhd_6842261"
1005800,"nhd_13393705"
1539700,"nhd_13393651"
1600100,"nhd_13396007"
2461100,"nhd_2266211"
2402200,"nhd_13119344"
2257600,"nhd_12991087"
1606700,"nhd_6842307"
837300,"nhd_13282518"
994700,"nhd_13395467"
1516800,"nhd_13395257"
2103900,"nhd_120053665"
2628100,"nhd_2644120"
377900,"nhd_9026377"
2094300,"nhd_13081151"
1396200,NA
1717300,"nhd_13134961"
2763600,NA
2676800,"nhd_2266515"
2389700,NA
2399700,"nhd_13120880"
1866600,"nhd_13079077"
1378100,"nhd_14704070"
1377900,"nhd_14704066"
755600,"nhd_14767870"
1528700,"nhd_13394327"
395900,"nhd_9026345"
389700,"nhd_9026347"
1580300,"nhd_13394777"
265300,"nhd_9035945"
1529500,"nhd_167120871"
2100800,"nhd_13080609"
2352200,"nhd_13124170"
139900,"nhd_6863055"
262300,"nhd_9035981"
774500,NA
2761100,NA
2916700,"nhd_1813621"
1873600,"nhd_13119484"
1599900,"nhd_13396007"
2476000,"nhd_1855125"
2708800,NA
1872500,"nhd_12990893"
2486100,"nhd_1855117"
2467700,"nhd_2265973"
2269600,"nhd_12990895"
2654500,"nhd_2266091"
1018500,"nhd_13393613"
2710300,"nhd_1852803"
1867100,"nhd_13078883"
574100,NA
1878400,"nhd_13078905"
1517900,"nhd_13395123"
2470100,"nhd_2644172"
1859600,"nhd_13121000"
1881100,"nhd_13078961"
2099900,"nhd_13079009"
2623500,"nhd_2647196"
440100,"nhd_6808490"
495300,NA
865000,NA
1295400,"nhd_14708596"
555200,"nhd_6817100"
256100,"nhd_9036121"
1378100,NA
242800,"nhd_9033933"
152700,"nhd_6864353"
244800,"nhd_120052173"
168400,"nhd_6866541"
175700,NA
2059800,"nhd_13107515"
775800,"nhd_13290902"
2903700,"nhd_1813379"
2903400,"nhd_1813401"
1595800,"nhd_13394073"
2329600,"nhd_13343802"
2321600,"nhd_13343896"
1019800,"nhd_13344152"
2106800,"nhd_13078143"
2454800,"nhd_2260751"
2922200,"nhd_1813739"
2469100,"nhd_2260785"
2470300,"nhd_2260905"
1536300,"nhd_13393787"
585700,"nhd_6842483"
588000,"nhd_6842413"
1606200,NA
1614100,"nhd_13394431"
2681600,"nhd_2264157"
1843100,"nhd_12991419"
1979200,NA
2109100,"nhd_13078059"
2656400,"nhd_2266689"
587000,"nhd_6842561"
586100,"nhd_6842525"
776800,NA
969600,"nhd_13399231"
376600,"nhd_9026413"
1001000,"nhd_13399231"
184200,"nhd_9026483"
2163800,"nhd_13132003"
2157000,"nhd_13102805"
1402300,"nhd_14703904"
1506800,"nhd_13400013"
87900,"nhd_12172978"
2915900,"nhd_1813645"
2904900,"nhd_1816137"
2762100,"nhd_1816365"
2733600,"nhd_1849433"
2749000,NA
2744700,"nhd_2260957"
2589000,NA
2899700,"nhd_1816443"
1857300,"nhd_12990999"
276900,NA
2598500,"nhd_2644186"
1517200,"nhd_13395309"
2368500,"nhd_13121450"
1407000,"nhd_14701606"
301600,"nhd_9029843"
1412200,"nhd_14730216"
2088000,"nhd_13081465"
2450500,"nhd_2647860"
523100,"nhd_6819806"
149800,"nhd_6866325"
1659900,"nhd_2453860"
1352000,"nhd_14708474"
1660400,"nhd_2453844"
1296000,"nhd_14708604"
742215,NA
16600,NA
742240,NA
774200,"nhd_13282768"
777000,"nhd_120052353"
752300,"nhd_14767914"
967900,"nhd_13393757"
2261700,NA
1835600,"nhd_13119392"
1852300,"nhd_13121138"
1605200,"nhd_13393859"
1003100,"nhd_13393893"
1605800,"nhd_13393947"
1833900,"nhd_12991207"
2381800,"nhd_13119526"
2394600,"nhd_13121124"
2463500,"nhd_120052453"
1589600,"nhd_13393993"
2467900,"nhd_1849485"
2897100,"nhd_1816601"
1575100,"nhd_13394495"
1660100,NA
2750200,NA
746300,"nhd_14768118"
247700,"nhd_9036199"
2359700,"nhd_13123946"
2430500,"nhd_13117586"
1842500,"nhd_13345500"
2469300,"nhd_13118672"
2344000,"nhd_13343496"
2420400,"nhd_13118680"
2420000,"nhd_13118724"
2466300,"nhd_2266837"
2249000,"nhd_12991515"
1843900,NA
1834000,"nhd_13078295"
1580500,"nhd_13394945"
1522900,"nhd_13394819"
1021600,NA
421200,"nhd_9026501"
2204100,"nhd_12980565"
181400,"nhd_9026447"
2623900,"nhd_2646976"
1010200,"nhd_14726600"
2475900,"nhd_1850091"
2404800,"nhd_13117896"
2460700,"nhd_2262653"
2764400,"nhd_11950635"
1411100,NA
2666400,"nhd_2266993"
173300,"nhd_6866623"
2757000,"nhd_1816205"
2909000,"nhd_1813535"
2498000,"nhd_2261049"
2734200,"nhd_1849501"
2473500,"nhd_1849523"
2693700,"nhd_1849747"
2691800,"nhd_1849951"
2762200,"nhd_11950445"
1838800,"nhd_13118702"
2410400,"nhd_13117608"
1630700,"nhd_13391483"
1614300,"nhd_13394371"
2235200,"nhd_12991453"
1871300,"nhd_2264299"
1864200,"nhd_13078173"
1984700,NA
2638100,"nhd_2643740"
1504600,"nhd_14726142"
2634200,"nhd_2646722"
2771500,NA
2901600,"nhd_1816107"
2871400,NA
2766900,NA
2452400,"nhd_2260855"
2896900,NA
2489400,"nhd_2260841"
2856400,"nhd_1801977"
2473300,"nhd_2260773"
1541300,"nhd_13393743"
1604200,"nhd_13393673"
1596900,"nhd_13393999"
2678300,"nhd_2266291"
1538900,"nhd_13393941"
1598000,"nhd_13394145"
2382300,"nhd_13119530"
1009400,"nhd_13394051"
1609000,"nhd_13393943"
1597000,"nhd_13394099"
1842300,"nhd_13078899"
1882000,"nhd_13078859"
1861600,"nhd_13079051"
2661600,"nhd_2267407"
556900,"nhd_6817138"
2607600,"nhd_13105365"
1005400,"nhd_14701662"
742220,NA
1727000,"nhd_13134751"
158600,"nhd_6864379"
854900,"nhd_13290734"
819800,"nhd_13294594"
813100,"nhd_13294420"
63700,NA
1663900,NA
104700,"nhd_6866319"
157300,"nhd_6866333"
2761400,"nhd_1816307"
1000700,"nhd_14708626"
1983100,"nhd_13078131"
1610500,"nhd_13393943"
2282200,"nhd_12991361"
2234900,"nhd_12991473"
2229200,"nhd_13350068"
392100,"nhd_9028163"
614200,"nhd_6847683"
106900,"nhd_6866301"
1718500,"nhd_13135129"
2734000,"nhd_1849431"
2734900,"nhd_1849459"
2303200,"nhd_13345306"
2953000,"nhd_6792053"
2493900,"nhd_2261041"
2959300,"nhd_6792259"
2477700,"nhd_120053116"
2477000,"nhd_2262505"
1611800,"nhd_13393943"
1542700,"nhd_13394077"
1526600,"nhd_13394623"
501200,"nhd_6816842"
264500,"nhd_9035977"
45100,"nhd_12175132"
151500,NA
108200,"nhd_6866369"
776600,"nhd_13291054"
802600,"nhd_13296360"
10000,NA
189400,"nhd_9029589"
36200,"nhd_12162886"
827000,"nhd_13290984"
762700,"nhd_14767666"
821000,"nhd_13294568"
741200,NA
753800,"nhd_14767816"
740700,"nhd_14767894"
761300,"nhd_14767756"
775000,"nhd_13294738"
265000,"nhd_9035945"
737900,"nhd_14783883"
746500,"nhd_120052612"
2763300,"nhd_13343040"
894900,"nhd_13409672"
2316600,"nhd_13343744"
1832100,"nhd_13078935"
150900,"nhd_6864437"
397100,"nhd_9028145"
439500,"nhd_6808062"
258700,"nhd_9035941"
264800,"nhd_9035987"
1873500,"nhd_13118784"
2616200,"nhd_2646972"
2350500,"nhd_13124042"
2618100,"nhd_2646860"
1503000,NA
1545300,"nhd_13393683"
2902600,"nhd_1816081"
25300,"nhd_12162854"
1000700,"nhd_14708626"
179100,"nhd_6866439"
117000,"nhd_6866375"
2430300,"nhd_13117590"
977600,"nhd_13631447"
659000,"nhd_6842645"
1574300,"nhd_13394643"
61200,"nhd_12176202"
148100,"nhd_166766678"
60500,"nhd_12176192"
104200,"nhd_6866483"
1215400,NA
1340200,"nhd_14707388"
1258100,"nhd_13634335"
2298300,"nhd_13345498"
2436600,"nhd_13118836"
1843700,"nhd_13345588"
2424600,"nhd_120053122"
1887400,"nhd_13118804"
2491500,"nhd_1851931"
2053400,"nhd_13107531"
884700,"nhd_13424965"
799200,"nhd_13296492"
780300,"nhd_13294778"
768800,"nhd_14767786"
816800,"nhd_13294786"
808700,"nhd_120052352"
466700,"nhd_6808090"
1002400,"nhd_14726488"
2065900,"nhd_13085025"
732200,"nhd_13107553"
283800,"nhd_9030027"
1714900,"nhd_13134985"
1000700,NA
1000700,NA
2092500,"nhd_13124126"
2618000,"nhd_2646860"
93100,"nhd_13062495"
2351800,"nhd_13124240"
1304600,"nhd_14710220"
1249000,"nhd_13631701"
1835200,"nhd_13343628"
271100,"nhd_9033805"
741500,"nhd_14767864"
755700,"nhd_14767870"
2399700,"nhd_13120880"
1618100,"nhd_13394361"
1304600,"nhd_14710220"
1289700,"nhd_13652594"
2269000,"nhd_12990981"
2267800,"nhd_12991001"
462000,"nhd_6808374"
56200,"nhd_12176252"
173500,"nhd_6866595"
2436500,"nhd_13118882"
2318500,"nhd_13345726"
2322200,"nhd_13344122"
2463100,"nhd_2266827"
1866700,NA
663800,"nhd_6842707"
622600,"nhd_6842745"
186700,"nhd_9036057"
1591000,"nhd_13393681"
2399700,"nhd_13120880"
1756000,NA
805400,"nhd_13293262"
2264000,"nhd_12990909"
1377700,"nhd_14704062"
2678100,"nhd_2266341"
2601500,"nhd_120053219"
2627000,"nhd_120053130"
447100,"nhd_6808812"
1800500,"nhd_2731824"
1369900,"nhd_14705482"
747100,"nhd_14768092"
2435000,"nhd_13118870"
2654500,"nhd_2266091"
2331300,"nhd_13344234"
2271100,"nhd_12990851"
1014300,"nhd_13393503"
2322800,"nhd_13346740"
1332200,"nhd_14705890"
194000,"nhd_9026645"
1544700,"nhd_13393821"
493100,"nhd_6808388"
303600,NA
323700,"nhd_9029767"
9800,NA
11500,NA
1736200,"nhd_13134709"
703500,"nhd_6842359"
2193300,"nhd_12980603"
43900,"nhd_12161140"
835800,"nhd_13281252"
279400,"nhd_9032763"
1378100,NA
2355300,"nhd_13124036"
1322400,NA
490000,"nhd_6808360"
415000,"nhd_6800772"
1727700,"nhd_13134705"
1506800,"nhd_13400013"
1516500,"nhd_13395257"
2310200,"nhd_13343252"
2742100,"nhd_2260935"
2068000,"nhd_120053694"
779000,NA
28300,"nhd_12162810"
1835300,"nhd_13344170"
716800,"nhd_14445790"
2400000,"nhd_13121004"
2396800,"nhd_13121022"
139900,"nhd_6863055"
1694700,NA
2832200,"nhd_1797381"
1642700,NA
864000,"nhd_13290262"
2486600,"nhd_2266119"
692400,"nhd_166766657"
692900,"nhd_120052170"
853200,"nhd_13290718"
18600,NA
1215100,NA
775200,"nhd_13290886"
267200,"nhd_9035875"
310,NA
380,NA
262600,"nhd_9035983"
2110900,"nhd_13079023"
733850,"nhd_14783607"
2110900,NA
